Buenos Aires,4742,COLONIA VELEZ,2933,6
Buenos Aires,3589,SPERONI,7163,6
Buenos Aires,16595,SOURIGUES,1885,6
Buenos Aires,2674,SOLANET,7151,6
Buenos Aires,4154,SOL DE MAYO,7243,6
Buenos Aires,2976,SMITH,6531,6
Buenos Aires,4508,SIERRA DE LOS PADRES,7601,6
Buenos Aires,4258,SIERRA CHICA,7401,6
Buenos Aires,2708,SHAW,7316,6
Buenos Aires,4117,SEMINARIO PIO XII,6600,6
Buenos Aires,3808,SAUZALES,6030,6
Buenos Aires,18272,SAUCE CORTO,7540,6
Buenos Aires,3674,SATURNO,6417,6
Buenos Aires,2461,SARANDI,1872,6
Buenos Aires,16492,SANTOS LUGARES,1676,6
Buenos Aires,3168,STEGMANN,7536,6
Buenos Aires,3036,STROEDER,8508,6
Buenos Aires,4899,TRES ARROYOS,7500,6
Buenos Aires,4872,TRENQUE LAUQUEN,6400,6
Buenos Aires,3904,TORRES,6703,6
Buenos Aires,4850,TORNQUIST,8160,6
Buenos Aires,4118,TOMAS JOFRE,6601,6
Buenos Aires,2818,TODD,2754,6
Buenos Aires,2996,TIMOTE,6457,6
Buenos Aires,2573,THAMES,6343,6
Buenos Aires,4974,TENIENTE ORIGONE,8144,6
Buenos Aires,16451,TEMPERLEY,1834,6
Buenos Aires,2842,TEDIN URIBURU,7021,6
Buenos Aires,16511,TAPIALES,1770,6
Buenos Aires,16359,TANDIL,7000,6
Buenos Aires,3859,TAMANGUEYU,7633,6
Buenos Aires,4568,SUNDBLAD,6401,6
Buenos Aires,4443,TRES CUERVOS,8183,6
Buenos Aires,2491,SANTIAGO GARBARINI,6660,6
Buenos Aires,4772,SAN VICENTE,1865,6
Buenos Aires,2800,SAN SIMON,7621,6
Buenos Aires,3107,SAN SEBASTIAN,6623,6
Buenos Aires,3154,SAN ROMAN,8154,6
Buenos Aires,3153,SAN RAMON,8150,6
Buenos Aires,4354,SAN RAMON,2754,6
Buenos Aires,3761,SAN QUILCO,7406,6
Buenos Aires,3061,SAN PATRICIO,6734,6
Buenos Aires,21075,SAN NICOLAS DE LOS ARROYOS,2900,6
Buenos Aires,4720,SAN MIGUEL DEL MONTE,7220,6
Buenos Aires,16525,SAN MIGUEL,1663,6
Buenos Aires,4566,SAN MAURICIO,6239,6
Buenos Aires,3857,SAN MANUEL,7007,6
Buenos Aires,3542,SAN JUSTO,7118,6
Buenos Aires,3874,SANTA ALICIA,7243,6
Buenos Aires,4692,SANTA CATALINA,7503,6
Buenos Aires,3184,SANTA TRINIDAD,7541,6
Buenos Aires,3564,SANTA TERESITA,7107,6
Buenos Aires,4534,SANTA TERESA,2912,6
Buenos Aires,4821,SANTA ROSA,7303,6
Buenos Aires,2944,SANTA ROSA,1739,6
Buenos Aires,4355,SANTA RITA,2700,6
Buenos Aires,2973,SANTA MARIA BELLOQ,6535,6
Buenos Aires,4257,SANTA LUISA,7401,6
Buenos Aires,2658,SANTA ISABEL,6550,6
Buenos Aires,4871,SANTA INES,6471,6
Buenos Aires,3875,SANTA FELICIA,7243,6
Buenos Aires,18307,SANTA ELENA,7609,6
Buenos Aires,3902,SANTA ELENA,6700,6
Buenos Aires,3762,SANTA CLEMENTINA,7406,6
Buenos Aires,4293,SANTA CECILIA SUD,6450,6
Buenos Aires,2574,TRES LAGUNAS,6443,6
Buenos Aires,16422,TRES LOMAS,6409,6
Buenos Aires,2765,VILLA HARDING GREEN,8101,6
Buenos Aires,4361,VILLA GODOY,2700,6
Buenos Aires,3592,VILLA GESELL,7165,6
Buenos Aires,4808,VILLA GALICIA,7000,6
Buenos Aires,3621,VILLA FRANCIA,6058,6
Buenos Aires,4996,VILLA FLORIDA,2800,6
Buenos Aires,4667,VILLA ESPIL,6712,6
Buenos Aires,3748,VILLA ELISA,1894,6
Buenos Aires,4807,VILLA DUFAU,7000,6
Buenos Aires,2763,VILLA DOMINGO PRONSATO,8000,6
Buenos Aires,2532,VILLA DIAMANTINA,6500,6
Buenos Aires,4929,VILLA DELFINA,8000,6
Buenos Aires,16475,VILLA DE MAYO,1614,6
Buenos Aires,4360,VILLA DA FONTE,2718,6
Buenos Aires,18271,VILLA IGOLLO,2930,6
Buenos Aires,4445,VILLA IRIS,8126,6
Buenos Aires,3700,VILLA ORTEGA,6000,6
Buenos Aires,2772,VILLA OBRERA,8000,6
Buenos Aires,2771,VILLA NOCITO,8000,6
Buenos Aires,3108,VILLA MOQUEHUA,6625,6
Buenos Aires,2770,VILLA MITRE,8000,6
Buenos Aires,3699,VILLA MAYOR,6000,6
Buenos Aires,21729,VILLA MARTELLI,1603,6
Buenos Aires,2576,VILLA MARGARITA,8185,6
Buenos Aires,2874,VILLA LYNCH PUEYRREDON,6553,6
Buenos Aires,16513,VILLA LUZURIAGA,1754,6
Buenos Aires,4552,VILLA LOMA,7203,6
Buenos Aires,4678,VILLA LIA,2761,6
Buenos Aires,18256,VILLA LAZA,7000,6
Buenos Aires,16554,VILLA LA FLORIDA,1881,6
Buenos Aires,2823,VILLA JUAREZ,7020,6
Buenos Aires,2762,VILLA CERRITO,8000,6
Buenos Aires,2575,VILLA CASTELAR EST ERIZE,6430,6
Buenos Aires,3810,VEDIA,6030,6
Buenos Aires,2585,VASQUEZ,7519,6
Buenos Aires,2873,VALLIMANCA,6557,6
Buenos Aires,4176,VALENZUELA ANTON,7630,6
Buenos Aires,3766,VALENTIN ALSINA,1822,6
Buenos Aires,4677,VAGUES,2764,6
Buenos Aires,2945,URIBELARREA,1815,6
Buenos Aires,4084,UNIDAD TURISTICA CHAPADMALAL,7609,6
Buenos Aires,4823,UBALLES,7301,6
Buenos Aires,16452,TURDERA,1834,6
Buenos Aires,2531,TROPEZON,6501,6
Buenos Aires,16540,TRONCOS DEL TALAR,1618,6
Buenos Aires,16469,TRISTAN SUAREZ,1806,6
Buenos Aires,3008,TRES SARGENTOS,6727,6
Buenos Aires,4824,VELLOSO,7305,6
Buenos Aires,3937,VERGARA,7135,6
Buenos Aires,4900,VILLA CARUCHA,7505,6
Buenos Aires,4995,VILLA CAPDEPONT,2800,6
Buenos Aires,4551,VILLA BURGOS,7203,6
Buenos Aires,2761,VILLA BUENOS AIRES,8000,6
Buenos Aires,4874,VILLA BRANDA,6471,6
Buenos Aires,3698,VILLA BELGRANO,6000,6
Buenos Aires,4402,VILLA ASTOLFI,1633,6
Buenos Aires,4080,SAN JULIAN,7613,6
Buenos Aires,4401,VILLA AGUEDA,1629,6
Buenos Aires,4700,VILLA ADELINA,1607,6
Buenos Aires,27929,VILLA 7 DE MARZO,8504,6
Buenos Aires,3837,VIGELENCIA,6070,6
Buenos Aires,3675,VICTORINO DE LA PLAZA,6411,6
Buenos Aires,2710,VICENTE PEREDA,7300,6
Buenos Aires,2946,VICENTE CASARES,1808,6
Buenos Aires,3206,VILLA ALDEANITA,6471,6
Buenos Aires,2972,SAN JUAN DE NELSON,6530,6
Buenos Aires,4631,POLVAREDAS,7267,6
Buenos Aires,3747,POBLET,1905,6
Buenos Aires,3797,PLOMER,1733,6
Buenos Aires,3556,PLAYA LAS MARGARITAS,7109,6
Buenos Aires,16593,PLATANOS,1885,6
Buenos Aires,2598,PLA,6634,6
Buenos Aires,2870,PIROVANO,6551,6
Buenos Aires,4348,PINZON,2703,6
Buenos Aires,2665,PIÃ‘EYRO,1870,6
Buenos Aires,3588,PINAMAR,7167,6
Buenos Aires,26304,PILAR,1629,6
Buenos Aires,4614,PIGUE,8170,6
Buenos Aires,3855,PIERES,7633,6
Buenos Aires,4436,PIEDRA ANCHA,8117,6
Buenos Aires,3092,PESSAGNO,7135,6
Buenos Aires,16357,PERGAMINO,2700,6
Buenos Aires,4251,POURTALE,7404,6
Buenos Aires,4675,PUESTO DEL MEDIO,2763,6
Buenos Aires,3033,PUERTO TRES BONETES,8508,6
Buenos Aires,4172,PUERTO NECOCHEA,7641,6
Buenos Aires,2757,PUERTO GALVAN,8000,6
Buenos Aires,4971,PUERTO COLOMA,8142,6
Buenos Aires,4381,PUENTE EL OCHENTA,7225,6
Buenos Aires,2817,PUENTE CAÃ‘ETE,2740,6
Buenos Aires,3182,PUEBLO SANTA MARIA,7541,6
Buenos Aires,4288,PUEBLO SAN ESTEBAN,6450,6
Buenos Aires,4252,PUEBLO NUEVO,7400,6
Buenos Aires,3696,PUEBLO NUEVO,6000,6
Buenos Aires,2488,PUEBLITOS,6661,6
Buenos Aires,4869,PRIMERA JUNTA,6422,6
Buenos Aires,4399,PRESIDENTE DERQUI,1635,6
Buenos Aires,2663,PORVENIR,6063,6
Buenos Aires,4532,PEREZ MILLAN,2933,6
Buenos Aires,27662,PARAJE SANTA ANA,7540,6
Buenos Aires,3216,PARAJE LA VASCA,7100,6
Buenos Aires,27661,PARAJE FRA PAL,7530,6
Buenos Aires,3004,PARADA TATAY,6725,6
Buenos Aires,3796,PARADA KILOMETRO 76,1739,6
Buenos Aires,3670,PAPIN,6411,6
Buenos Aires,2808,PANAME,2931,6
Buenos Aires,2941,PALMITAS,7221,6
Buenos Aires,2597,PALANTELEN,6434,6
Buenos Aires,16490,PABLO PODESTA,1657,6
Buenos Aires,2704,PABLO ACOSTA,7301,6
Buenos Aires,2924,OTAMENDI,2802,6
Buenos Aires,2486,ORTIZ DE ROSAS,6660,6
Buenos Aires,3490,ORLANDO,2812,6
Buenos Aires,4892,ORENSE,7503,6
Buenos Aires,3746,PEREYRA IRAOLA PARQUE,1894,6
Buenos Aires,2705,PARISH,7316,6
Buenos Aires,4300,PELLEGRINI,6346,6
Buenos Aires,3127,PEHUEN CO,8109,6
Buenos Aires,4287,PEHUAJO,6450,6
Buenos Aires,4970,PEDRO LURO,8148,6
Buenos Aires,4286,PEDRO GAMEN,6451,6
Buenos Aires,3114,PEARSON,2711,6
Buenos Aires,3492,PAVON,2812,6
Buenos Aires,2525,PATRICIOS,6503,6
Buenos Aires,3587,PASOS,7163,6
Buenos Aires,16530,PASO DEL REY,1742,6
Buenos Aires,4969,PASO CRAMER,8134,6
Buenos Aires,3179,PASMAN,7547,6
Buenos Aires,3047,PARQUE TAILLADE,7114,6
Buenos Aires,2840,PARQUE MUÃ‘OZ,7020,6
Buenos Aires,3783,PARDO,7212,6
Buenos Aires,3934,PUNTA INDIO,1917,6
Buenos Aires,3561,SAN CLEMENTE DEL TUYU,7105,6
Buenos Aires,2994,SAN CARLOS,6451,6
Buenos Aires,3560,SAN BERNARDO DEL TUYU,7111,6
Buenos Aires,4290,SAN BERNARDO,6476,6
Buenos Aires,16575,SAN ANTONIO DE PADUA,1718,6
Buenos Aires,2571,SAN ANTONIO,8185,6
Buenos Aires,4819,SAN ANDRES DE TAPALQUE,7305,6
Buenos Aires,4439,SAN ANDRES,8180,6
Buenos Aires,16567,SAN ANDRES,1651,6
Buenos Aires,2799,SAN AGUSTIN,7623,6
Buenos Aires,2906,SAMBOROMBON,1980,6
Buenos Aires,4652,SALTO,2741,6
Buenos Aires,4972,SALINAS CHICAS,8134,6
Buenos Aires,4848,SALDUNGARAY,8166,6
Buenos Aires,4633,SALADILLO NORTE,7261,6
Buenos Aires,4632,SALADILLO,7260,6
Buenos Aires,3901,SAN ELADIO,6601,6
Buenos Aires,2646,SAN JOSE DE OTAMENDI,7601,6
Buenos Aires,3048,SAN JOSE DE GALI,7114,6
Buenos Aires,4175,SAN JOSE,7635,6
Buenos Aires,2490,SAN JOSE,6665,6
Buenos Aires,26314,SAN JOSE,1846,6
Buenos Aires,4255,SAN JACINTO,7400,6
Buenos Aires,4699,SAN ISIDRO,1642,6
Buenos Aires,2706,SAN GERVACIO,7305,6
Buenos Aires,16553,SAN FRANCISCO SOLANO,1881,6
Buenos Aires,4897,SAN FRANCISCO DE BELLOCQ,7505,6
Buenos Aires,3672,SAN FERMIN,6417,6
Buenos Aires,4352,SAN FEDERICO,2711,6
Buenos Aires,4385,SAN ENRIQUE,7116,6
Buenos Aires,4440,SAN EMILIO,8136,6
Buenos Aires,2644,SAN EDUARDO DEL MAR,7607,6
Buenos Aires,3558,SALADA CHICA,7163,6
Buenos Aires,3765,REMEDIOS DE ESCALADA,1826,6
Buenos Aires,2528,REGINALDO J NEILD,6533,6
Buenos Aires,4382,REAL AUDIENCIA,7225,6
Buenos Aires,3760,RAULET,7530,6
Buenos Aires,16594,RANELAGH,1886,6
Buenos Aires,4351,RANCAGUA,2701,6
Buenos Aires,16508,RAMOS MEJIA,1704,6
Buenos Aires,2527,RAMON J NEILD,6533,6
Buenos Aires,4533,RAMALLO,2915,6
Buenos Aires,16507,RAFAEL CASTILLO,1755,6
Buenos Aires,2526,QUIROGA,6533,6
Buenos Aires,3183,QUIÃ‘IHUAL ESTACION,7533,6
Buenos Aires,16551,QUILMES,1878,6
Buenos Aires,3856,QUEQUEN,7631,6
Buenos Aires,3557,PUNTA MEDANOS,7109,6
Buenos Aires,4895,RETA,7511,6
Buenos Aires,2841,RICARDO GAVIÃ‘A,7313,6
Buenos Aires,4615,SAAVEDRA,8174,6
Buenos Aires,4757,RUTA 9 KILOMETRO 169 5,2930,6
Buenos Aires,2943,RUTA 3 KILOMETRO 75 700,1816,6
Buenos Aires,3936,RUTA 11 KILOMETRO 23,1907,6
Buenos Aires,4289,ROVIRA,6450,6
Buenos Aires,4600,ROQUE PEREZ,7245,6
Buenos Aires,4777,ROMAN BAEZ,6612,6
Buenos Aires,3671,ROLITO ESTACION FCGB,6430,6
Buenos Aires,3834,ROBERTS,6075,6
Buenos Aires,4586,ROBERTO CANO,2703,6
Buenos Aires,4438,RIVADEO,8127,6
Buenos Aires,4756,RIO TALA,2944,6
Buenos Aires,3602,RINCON DE VIVOT,7225,6
Buenos Aires,16538,RINCON DE MILBERG,1648,6
Buenos Aires,16537,RICARDO ROJAS,1618,6
Buenos Aires,3701,VILLA PENOTTI,6000,6
Buenos Aires,3494,VILLA PRECEPTOR MANUEL CRUZ,6703,6
Buenos Aires,3812,BALSA,6070,6
Buenos Aires,16448,BANFIELD,1828,6
Buenos Aires,2822,BARKER,7005,6
Buenos Aires,2927,BARRIO 1 DE MAYO,1814,6
Buenos Aires,3685,BARRIO CAROSIO,6000,6
Buenos Aires,3244,BARRIO EL CAZADOR,1625,6
Buenos Aires,4458,BARRIO EMIR RAMON JUAREZ,7600,6
Buenos Aires,4461,BARRIO GASTRONOMICO,7600,6
Buenos Aires,4853,BARRIO INDIO TROMPA,6400,6
Buenos Aires,2890,BARRIO LA DOLLY,1980,6
Buenos Aires,2891,BARRIO LAS MANDARINAS,1980,6
Buenos Aires,2622,BARRIO OESTE,7607,6
Buenos Aires,3234,BARRIO PARQUE LAMBARE,1623,6
Buenos Aires,3544,BARRIO PEDRO ROCCO,7109,6
Buenos Aires,4066,BALNEARIO SANTA ELENA,7609,6
Buenos Aires,4940,BALNEARIO SAN ANTONIO,8132,6
Buenos Aires,2536,AVESTRUZ,8183,6
Buenos Aires,4655,AZCUENAGA,6721,6
Buenos Aires,2680,AZUL,7300,6
Buenos Aires,4087,B NUESTRA SEÃ‘ORA DE LA PAZ,1727,6
Buenos Aires,4088,B STA CATALINA HORNERO LA LOMA,1727,6
Buenos Aires,4555,BADANO,6403,6
Buenos Aires,3010,BAHIA SAN BLAS,8506,6
Buenos Aires,3118,BAJO HONDO,8115,6
Buenos Aires,2615,BALNEARIO ATLANTIDA,7607,6
Buenos Aires,4939,BALNEARIO CHAPALCO,8132,6
Buenos Aires,2617,BALNEARIO FRENTE MAR,7607,6
Buenos Aires,2619,BALNEARIO LA CALETA,7609,6
Buenos Aires,4447,BALNEARIO MAR CHIQUITA,7609,6
Buenos Aires,4875,BALNEARIO OCEANO,7511,6
Buenos Aires,4124,BALNEARIO ORIENTE,8153,6
Buenos Aires,2458,AVELLANEDA,1870,6
Buenos Aires,4768,BARRIO SANTA MAGDALENA,1862,6
Buenos Aires,3911,BME BAVIO GRAL MANSILLA,1911,6
Buenos Aires,2861,BOLIVAR,6550,6
Buenos Aires,3528,BONNEMENT,7223,6
Buenos Aires,2779,BOSCH,7620,6
Buenos Aires,4697,BOULOGNE,1609,6
Buenos Aires,2894,BRANDSEN,1980,6
Buenos Aires,18251,BUCHANAN,1903,6
Buenos Aires,4941,CABEZA DE BUEY,8134,6
Buenos Aires,4307,CABO SAN FERMIN,2703,6
Buenos Aires,2956,CADRET,6535,6
Buenos Aires,3121,CALDERON,8101,6
Buenos Aires,4067,CALFUCURA,7613,6
Buenos Aires,4363,CAMARON CHICO,7116,6
Buenos Aires,4482,CAMET,7612,6
Buenos Aires,2467,BLAS DURAÃ‘ONA,6661,6
Buenos Aires,2660,BLAQUIER,6065,6
Buenos Aires,4478,BARRIO TIERRA DE ORO,7600,6
Buenos Aires,4306,BARRIO TROCHA,2700,6
Buenos Aires,4618,BARRIO VILLA SALADILLO,7260,6
Buenos Aires,3912,BASE AERONAVAL PUNTA INDIO,1919,6
Buenos Aires,3221,BASE NAVAL RIO SANTIAGO,1929,6
Buenos Aires,3170,BATHURST ESTACION,7540,6
Buenos Aires,3813,BAYAUCA,6078,6
Buenos Aires,3235,BELEN DE ESCOBAR,1625,6
Buenos Aires,2955,BELLOCQ,6535,6
Buenos Aires,3095,BENITEZ,6632,6
Buenos Aires,16588,BERAZATEGUI,1884,6
Buenos Aires,2855,BERISSO,1923,6
Buenos Aires,16546,BERNAL ESTE,1876,6
Buenos Aires,2682,BERNARDO VERA Y PINTADO,7313,6
Buenos Aires,4854,BERUTI,6424,6
Buenos Aires,4986,ATUCHA,2808,6
Buenos Aires,3191,ATAHUALPA,6471,6
Buenos Aires,4264,ALAGON,6463,6
Buenos Aires,3884,ALASTUEY,6703,6
Buenos Aires,2586,ALBERTI,6634,6
Buenos Aires,3749,ALDECON,7406,6
Buenos Aires,3593,ALEGRE,1987,6
Buenos Aires,2926,ALEJANDRO PETION,1808,6
Buenos Aires,3188,ALFALAD,6555,6
Buenos Aires,2495,ALFREDO DEMARCHI,6533,6
Buenos Aires,2954,ALGARROBO,6531,6
Buenos Aires,4304,ALMACEN CASTRO,2751,6
Buenos Aires,2948,ALMACEN EL DESCANSO,2752,6
Buenos Aires,4305,ALMACEN PIATTI,2711,6
Buenos Aires,3116,ALMIRANTE SOLIER,8109,6
Buenos Aires,4603,ALTA VISTA,8170,6
Buenos Aires,3683,AGUSTIN ROCA,6001,6
Buenos Aires,2465,AGUSTIN MOSCONI,6667,6
Buenos Aires,16489,11 DE SEPTIEMBRE,1657,6
Buenos Aires,2493,12 DE OCTUBRE,6501,6
Buenos Aires,4409,17 DE AGOSTO,8129,6
Buenos Aires,2464,25 DE MAYO,6660,6
Buenos Aires,4573,4 DE NOVIEMBRE,2707,6
Buenos Aires,2494,9 DE JULIO,6500,6
Buenos Aires,3527,ABBOTT,7228,6
Buenos Aires,4602,ABRA DE HINOJO,8170,6
Buenos Aires,4779,ACEILAN,7003,6
Buenos Aires,4137,ACHUPALLAS,6627,6
Buenos Aires,2711,ADELA CORTI,8000,6
Buenos Aires,2533,ADOLFO ALSINA,6430,6
Buenos Aires,26305,ADROGUE,1846,6
Buenos Aires,4105,AGOTE,6608,6
Buenos Aires,4303,AGUAS CORRIENTES,2701,6
Buenos Aires,27816,ALTO LOS CARDALES,2814,6
Buenos Aires,4811,ALTONA,7303,6
Buenos Aires,4157,ARROYO CHICO,7011,6
Buenos Aires,3478,ARROYO DE LA CRUZ,2813,6
Buenos Aires,2853,ARROYO DEL PESCADO,1923,6
Buenos Aires,2909,ARROYO EL AHOGADO,2805,6
Buenos Aires,4065,ARROYO GRANDE,7174,6
Buenos Aires,2910,ARROYO LAS CRUCES,2805,6
Buenos Aires,2911,ARROYO LAS ROSAS,2805,6
Buenos Aires,2912,ARROYO LOS TIGRES,2805,6
Buenos Aires,2913,ARROYO Ã‘ACURUTU CHICO,2805,6
Buenos Aires,3117,ARROYO PAREJA,8111,6
Buenos Aires,2915,ARROYO TAJIBER,2805,6
Buenos Aires,2916,ARROYO ZANJON,2805,6
Buenos Aires,2535,ARTURO VATTEONE,6433,6
Buenos Aires,3511,ASCENCION,6003,6
Buenos Aires,3231,ARROYO CANELON,1625,6
Buenos Aires,4983,ARROYO BOTIJA FALSA,2800,6
Buenos Aires,4617,ALVAREZ DE TOLEDO,7267,6
Buenos Aires,4220,ALVARO BARROS,7403,6
Buenos Aires,2497,AMALIA,6516,6
Buenos Aires,4554,AMERICA,6237,6
Buenos Aires,4138,ANASAGASTI,6607,6
Buenos Aires,3189,ANDANT,6555,6
Buenos Aires,2588,ANDRES VACCAREZZA,6634,6
Buenos Aires,2825,CAMINERA JUAREZ,7020,6
Buenos Aires,3136,APARICIO,8158,6
Buenos Aires,2466,ARAUJO,6643,6
Buenos Aires,3908,ARBUCO,1915,6
Buenos Aires,3862,AREVALO,7243,6
Buenos Aires,2679,ARIEL,7301,6
Buenos Aires,2811,ARRECIFES,2740,6
Buenos Aires,4605,ARROYO AGUAS BLANCAS,8174,6
Buenos Aires,2678,ANTONIO DE LOS HEROS,7305,6
Buenos Aires,2780,CAMINERA NAPALEOFU,7007,6
Buenos Aires,4091,COLONIA NACIONAL DE MENORES,1727,6
Buenos Aires,4228,COLONIA NIEVES,7318,6
Buenos Aires,2590,COLONIA PALANTELEN,6643,6
Buenos Aires,4947,COLONIA PUEBLO RUSO,8144,6
Buenos Aires,2878,COLONIA SAN EDUARDO,6646,6
Buenos Aires,4917,COLONIA SAN FRANCISCO,6017,6
Buenos Aires,4607,COLONIA SAN MARTIN,8164,6
Buenos Aires,4608,COLONIA SAN PEDRO,8164,6
Buenos Aires,2962,COLONIA SANTA MARIA,6535,6
Buenos Aires,2929,COLONIA SANTA ROSA,1816,6
Buenos Aires,2978,COLONIA SERE,6459,6
Buenos Aires,3021,COLONIA TAPATTA,8142,6
Buenos Aires,27598,ZONA DELTA ZARATE,2800,6
Buenos Aires,16442,ZONA DELTA SAN FERNANDO,1647,6
Buenos Aires,27822,ZONA CANGREJALES,8103,6
Buenos Aires,3187,ZOILO PERALTA,7530,6
Buenos Aires,3014,COLONIA MIGUEL ESTEVERENA,8508,6
Buenos Aires,4417,COLONIA HIPOLITO YRIGOYEN,8181,6
Buenos Aires,2468,COLONIA INCHAUSTI,6667,6
Buenos Aires,4418,COLONIA LA CATALINA,8136,6
Buenos Aires,2960,COLONIA LA ESPERANZA,6531,6
Buenos Aires,3018,COLONIA LA GRACIELA,8142,6
Buenos Aires,4943,COLONIA LA MERCED,8105,6
Buenos Aires,4522,COLONIA LA NORIA,2751,6
Buenos Aires,4312,COLONIA LA VANGUARDIA,2711,6
Buenos Aires,4313,COLONIA LABORDEROY,2751,6
Buenos Aires,2502,COLONIA LAS YESCAS,6513,6
Buenos Aires,3019,COLONIA LOS ALAMOS,8142,6
Buenos Aires,4915,COLONIA LOS BOSQUES,6018,6
Buenos Aires,4916,COLONIA LOS HUESOS,6018,6
Buenos Aires,4671,COLONIA LOS TRES USARIS,2760,6
Buenos Aires,4944,COLONIA MONTE LA PLATA,8144,6
Buenos Aires,4721,ZENON VIDELA DORNA,7226,6
Buenos Aires,3702,VILLA TALLERES,6000,6
Buenos Aires,4570,VILLA SENA,6403,6
Buenos Aires,2578,VILLA SAURI,6430,6
Buenos Aires,4762,VILLA SARITA,2930,6
Buenos Aires,16432,VILLA SANTOS TESEI,1688,6
Buenos Aires,2819,VILLA SANGUINETTI,2740,6
Buenos Aires,4553,VILLA SAN PEDRO,7203,6
Buenos Aires,4669,VILLA SAN ALBERTO,6720,6
Buenos Aires,3646,VILLA SABOYA,6101,6
Buenos Aires,2774,VILLA ROSAS,8103,6
Buenos Aires,18266,VILLA ROCH,7101,6
Buenos Aires,4536,VILLA RAMALLO EST FFCC,2914,6
Buenos Aires,16494,VILLA RAFFO,1674,6
Buenos Aires,3773,VILLA PUEBLO NUEVO,7414,6
Buenos Aires,4362,VILLA PROGRESO,2700,6
Buenos Aires,3703,VILLA TRIANGULO,6000,6
Buenos Aires,16582,VILLA VATTEONE,1888,6
Buenos Aires,4930,ZAVALIA,6018,6
Buenos Aires,3876,ZAPIOLA,7249,6
Buenos Aires,2579,YUTUYACO,6443,6
Buenos Aires,4825,YERBAS,7303,6
Buenos Aires,2463,WILDE,1875,6
Buenos Aires,3676,VUELTA DE ZAPATA,6435,6
Buenos Aires,3774,VOLUNTAD,7412,6
Buenos Aires,3622,VOLTA,6064,6
Buenos Aires,3093,VISTA ALEGRE,7130,6
Buenos Aires,16514,VIRREY DEL PINO,1763,6
Buenos Aires,3799,VILLARS,1731,6
Buenos Aires,3039,VILLALONGA,8512,6
Buenos Aires,3062,VILLAFAÃ‘E,6740,6
Buenos Aires,4509,VILLA VIGNOLO,7600,6
Buenos Aires,27657,VILLA VENTANA,8160,6
Buenos Aires,2971,ORDOQUI,6537,6
Buenos Aires,3015,COLONIA EL GUANACO,8142,6
Buenos Aires,2919,CANAL N ALEM 1A SEC,2805,6
Buenos Aires,3594,CANCHA DEL POLLO,1987,6
Buenos Aires,16376,CANNING,1804,6
Buenos Aires,2542,CANONIGO GORRITI,8185,6
Buenos Aires,4781,CANTERA ALBION,7000,6
Buenos Aires,4783,CANTERA LA FEDERACION,7000,6
Buenos Aires,4785,CANTERA MONTE CRISTO,7000,6
Buenos Aires,3011,CANTERA VILLALONGA,8504,6
Buenos Aires,2928,CAÃ‘UELAS,1814,6
Buenos Aires,3480,CAPILLA DEL SEÃ‘OR,2812,6
Buenos Aires,2951,CAPITAN SARMIENTO,2752,6
Buenos Aires,21722,CARAPACHAY,1605,6
Buenos Aires,2543,CARHUE,6430,6
Buenos Aires,3566,CARILO,7167,6
Buenos Aires,3041,CANAL 15 CERRO DE LA GLORIA,7114,6
Buenos Aires,3629,CAÃ‘ADA SECA,6105,6
Buenos Aires,18252,CAMINO CENTENARIO KM 11500,1896,6
Buenos Aires,2918,CAMPANA,2804,6
Buenos Aires,4309,CAMPO BUENA VISTA,2700,6
Buenos Aires,2812,CAMPO CRISOL,2754,6
Buenos Aires,2537,CAMPO DEL NORTE AMERICANO,8185,6
Buenos Aires,2950,CAMPO LA ELISA,2752,6
Buenos Aires,3479,CAMPO LA NENA,2764,6
Buenos Aires,4913,CAMPO LA TRIBU,6015,6
Buenos Aires,2782,CAMPO LEITE,7623,6
Buenos Aires,2539,CAMPO LOS AROMOS,8185,6
Buenos Aires,3838,CAMPO PELAEZ,7623,6
Buenos Aires,4812,CAMPO ROJAS,7303,6
Buenos Aires,2540,CAMPO SAN JUAN,8185,6
Buenos Aires,18277,CAMPOMAR VIÃ‘EDO,1625,6
Buenos Aires,3096,CAÃ‘ADA LA RICA,6625,6
Buenos Aires,3887,CARLOS KEEN,6701,6
Buenos Aires,2501,CARLOS MARIA NAON,6515,6
Buenos Aires,2687,CHILLAR,7311,6
Buenos Aires,2739,CHOIQUE,8000,6
Buenos Aires,3725,CITY BELL,1896,6
Buenos Aires,16483,CIUDAD JARDIN DEL PALOMAR,1684,6
Buenos Aires,16484,CIUDADELA,1702,6
Buenos Aires,4877,CLAUDIO C MOLINA,7515,6
Buenos Aires,26307,CLAYPOLE,1849,6
Buenos Aires,2740,COCHRANE,8118,6
Buenos Aires,3051,COLIQUEO,6743,6
Buenos Aires,3109,COLON,2720,6
Buenos Aires,3016,COLONIA BARGA,8142,6
Buenos Aires,3913,COLONIA BEETHOVEN,1921,6
Buenos Aires,4942,COLONIA CUARENTA Y TRES,8136,6
Buenos Aires,4415,COLONIA DR GDOR UDAONDO,8180,6
Buenos Aires,3481,CHENAUT,2764,6
Buenos Aires,3065,CHASCOMUS,7130,6
Buenos Aires,3815,CARLOS SALAS,6453,6
Buenos Aires,2977,CARLOS TEJEDOR,6455,6
Buenos Aires,3013,CARMEN DE PATAGONES,8504,6
Buenos Aires,3654,CASBAS,6417,6
Buenos Aires,16481,CASEROS,1678,6
Buenos Aires,16434,CASTELAR,1712,6
Buenos Aires,3049,CASTILLA,6616,6
Buenos Aires,4416,COLONIA EL PINCEN,8181,6
Buenos Aires,16589,CENTRO AGRICOLA EL PATO,1893,6
Buenos Aires,4556,CERRITO,6237,6
Buenos Aires,4787,CERRO DE LOS LEONES,7000,6
Buenos Aires,4226,CERRO SOTUYO,7403,6
Buenos Aires,4310,CHACRA EXPERIMENTAL INTA,2700,6
Buenos Aires,4914,CHANCAY,6017,6
Buenos Aires,2826,CHAPAR,7020,6
Buenos Aires,27931,CENTINELA DEL MAR,7607,6
Buenos Aires,2534,ARANO,6443,6
Buenos Aires,16380,GERLI,1824,6
Buenos Aires,3636,GENERAL VILLEGAS,6230,6
Buenos Aires,4884,GENERAL VALDEZ,7503,6
Buenos Aires,4427,GENERAL RONDEAU,8124,6
Buenos Aires,25773,GENERAL RODRIGUEZ,1748,6
Buenos Aires,4074,GENERAL PIRAN,7172,6
Buenos Aires,16536,GENERAL PACHECO,1617,6
Buenos Aires,18296,GENERAL MANSILLA,1911,6
Buenos Aires,3547,GENERAL LAVALLE,7103,6
Buenos Aires,3752,GENERAL LAMADRID,7406,6
Buenos Aires,3540,GENERAL GUIDO,7118,6
Buenos Aires,21074,GENERAL CONESA,2907,6
Buenos Aires,3520,GENERAL ARENALES,6005,6
Buenos Aires,2629,GENERAL ALVARADO,7607,6
Buenos Aires,3660,GARRE,6411,6
Buenos Aires,3236,GARIN,1619,6
Buenos Aires,4859,GIRODIAS,6407,6
Buenos Aires,4612,GOYENA,8175,6
Buenos Aires,3000,GOUIN,6727,6
Buenos Aires,3574,GOROSO,7163,6
Buenos Aires,3532,GORCHS,7226,6
Buenos Aires,4560,GONZALEZ MORENO,6239,6
Buenos Aires,3573,GOÃ‘I,7163,6
Buenos Aires,2899,GOMEZ DE LA VEGA,1983,6
Buenos Aires,4109,GOLDNEY,6614,6
Buenos Aires,2473,GOBERNADOR UGARTE,6621,6
Buenos Aires,4624,GOBERNADOR ORTIZ DE ROSAS,7260,6
Buenos Aires,16578,GOBERNADOR COSTA,1888,6
Buenos Aires,2965,GOBERNADOR ARIAS,6531,6
Buenos Aires,4275,GNECCO,6451,6
Buenos Aires,26308,GLEW,1856,6
Buenos Aires,3141,GIL,8151,6
Buenos Aires,4793,GARDEY,7003,6
Buenos Aires,21724,FLORIDA OESTE,1602,6
Buenos Aires,2659,FLORENTINO AMEGHINO,6064,6
Buenos Aires,4673,FLAMENCO,2763,6
Buenos Aires,3519,FERRE,6003,6
Buenos Aires,4426,FELIPE SOLA,8129,6
Buenos Aires,2558,FATRALO,6430,6
Buenos Aires,3024,FARO SEGUNDA BARRANCOSA,8504,6
Buenos Aires,3570,FARO QUERANDI,7165,6
Buenos Aires,2668,FAIR,7153,6
Buenos Aires,16549,EZPELETA ESTE,1882,6
Buenos Aires,3484,EXALTACION DE LA CRUZ,2812,6
Buenos Aires,3779,ESTRUGAMOU,7207,6
Buenos Aires,4841,ESTOMBA,8118,6
Buenos Aires,4425,ESTELA,8127,6
Buenos Aires,2983,ESTEBAN DE LUCA,6475,6
Buenos Aires,4844,GARCIA DEL RIO,8162,6
Buenos Aires,2690,FORTIN IRENE,7316,6
Buenos Aires,4543,GALERA DE TORRES,7203,6
Buenos Aires,4713,FUNKE,7220,6
Buenos Aires,3226,FUERTE BARRAGAN,1925,6
Buenos Aires,4990,FRIGORIFICO LAS PALMAS,2800,6
Buenos Aires,2511,FRENCH,6516,6
Buenos Aires,2559,FRANCISCO MURATURE,6341,6
Buenos Aires,4274,FRANCISCO MADERO,6472,6
Buenos Aires,4857,FRANCISCO DE VITORIA,6403,6
Buenos Aires,2931,FRANCISCO CASAL,1808,6
Buenos Aires,4321,FRANCISCO AYERZA,2700,6
Buenos Aires,3821,FORTIN VIGILANCIA,6073,6
Buenos Aires,3689,FORTIN TIBURCIO,6001,6
Buenos Aires,4559,FORTIN OLAVARRIA,6403,6
Buenos Aires,4951,FORTIN MERCEDES,8148,6
Buenos Aires,4842,FORTIN CHACO,8160,6
Buenos Aires,16470,GRAND BOURG,1615,6
Buenos Aires,3028,JOSE B CASAS,8506,6
Buenos Aires,2900,JEPPENER,1986,6
Buenos Aires,3027,JARRILLA,8508,6
Buenos Aires,4237,ITURREGUI,6557,6
Buenos Aires,2475,ISLAS,6667,6
Buenos Aires,3228,ISLA SANTIAGO,1929,6
Buenos Aires,27539,ISLA MARTIN GARCIA,1601,6
Buenos Aires,3123,ISLA CATARELLI,8111,6
Buenos Aires,3614,IRIARTE,6042,6
Buenos Aires,3142,IRENE,7507,6
Buenos Aires,2881,IRALA,6013,6
Buenos Aires,4278,INOCENCIO SOSA,6451,6
Buenos Aires,26318,INGENIERO WHITE,8103,6
Buenos Aires,3054,INGENIERO SILVEYRA,6743,6
Buenos Aires,3237,INGENIERO MASCHWITZ,1623,6
Buenos Aires,2514,INGENIERO DE MADRID,6651,6
Buenos Aires,16566,JOSE LEON SUAREZ,1655,6
Buenos Aires,4660,KILOMETRO 108,6723,6
Buenos Aires,3486,KILOMETRO 102,2763,6
Buenos Aires,26285,JUNIN,6000,6
Buenos Aires,3578,JUANCHO,7169,6
Buenos Aires,18254,JUAN VUCETICH EX DR R LEVENE,1894,6
Buenos Aires,2560,JUAN V CILLEY,6430,6
Buenos Aires,4164,JUAN N FERNANDEZ,7011,6
Buenos Aires,4279,JUAN JOSE PASO,6474,6
Buenos Aires,4327,JUAN G PUJOL,2909,6
Buenos Aires,2583,JUAN E BARRA,7517,6
Buenos Aires,4626,JUAN BLAQUIER,7267,6
Buenos Aires,4594,JUAN ATUCHA,7245,6
Buenos Aires,4625,JOSE SOJO,7260,6
Buenos Aires,4297,JOSE MARIA BLANCO,6409,6
Buenos Aires,16486,JOSE INGENIEROS,1702,6
Buenos Aires,2986,INGENIERO BEAUGEY,6457,6
Buenos Aires,4162,HARAS LA LULA,7011,6
Buenos Aires,4593,HARAS EL SALASO,7245,6
Buenos Aires,3844,HARAS EL MORO,7631,6
Buenos Aires,4325,HARAS EL CENTINELA,2701,6
Buenos Aires,3099,HARAS EL CARMEN,6627,6
Buenos Aires,3533,HARAS CHACABUCO,7223,6
Buenos Aires,3521,HAM,6005,6
Buenos Aires,3611,HALCEY,6064,6
Buenos Aires,3610,GUNTHER,6053,6
Buenos Aires,4575,GUIDO SPANO,2707,6
Buenos Aires,3044,GUERRERO,7116,6
Buenos Aires,4715,GUARDIA DEL MONTE,7220,6
Buenos Aires,3661,GUAMINI,6435,6
Buenos Aires,2595,GRISOLIA,6627,6
Buenos Aires,16502,GREGORIO DE LAFERRERE,1757,6
Buenos Aires,3845,HARAS NACIONAL,7631,6
Buenos Aires,2654,HARAS R DE LA PARVA,7263,6
Buenos Aires,16471,INGENIERO ADOLFO SOURDEAUX,1612,6
Buenos Aires,3162,INDIO RICO,7501,6
Buenos Aires,3101,INDACOCHEA,6623,6
Buenos Aires,3026,IGARZABAL,8512,6
Buenos Aires,2985,HUSARES,6455,6
Buenos Aires,4577,HUNTER,2707,6
Buenos Aires,4885,HUESO CLAVADO,7500,6
Buenos Aires,3175,HUANGUELEN,7545,6
Buenos Aires,2966,HORTENSIA,6537,6
Buenos Aires,3942,HOGAR MARIANO ORTIZ BASUALDO,7172,6
Buenos Aires,3575,HINOJALES,7163,6
Buenos Aires,4979,HERRERA VEGAS,6557,6
Buenos Aires,3100,HENRY BELL,6621,6
Buenos Aires,4659,HEAVY,6723,6
Buenos Aires,4576,HARAS SAN JACINTO,2705,6
Buenos Aires,3866,KILOMETRO 112,7240,6
Buenos Aires,2805,ESTANCIA SANTA CATALINA,2761,6
Buenos Aires,4743,DOYLE,2935,6
Buenos Aires,3840,DOS NACIONES,7007,6
Buenos Aires,4365,DON VICENTE,7116,6
Buenos Aires,3070,DON CIPRIANO,7135,6
Buenos Aires,4769,DOMSELAAR,1984,6
Buenos Aires,3776,DOCTOR DOMINGO HAROSTEGUY,7212,6
Buenos Aires,2460,DOCK SUD,1871,6
Buenos Aires,16533,DIQUE LUJAN,1623,6
Buenos Aires,3482,DIEGO GAYNOR,2812,6
Buenos Aires,4422,DESVIO SAN ALEJO,8180,6
Buenos Aires,2895,DESVIO KILOMETRO 55,1981,6
Buenos Aires,2470,DESVIO GARBARINI,6509,6
Buenos Aires,4789,DESVIO AGUIRRE,7000,6
Buenos Aires,3158,DESPEÃ‘ADEROS,7531,6
Buenos Aires,27923,DRIADES LINKS,7109,6
Buenos Aires,2981,DRYSDALE,6455,6
Buenos Aires,27934,EL CONTADOR,2740,6
Buenos Aires,27603,EL CHELFORO,7530,6
Buenos Aires,4542,EL CHALAR,7201,6
Buenos Aires,2626,EL CENTINELA,7607,6
Buenos Aires,2963,EL CARPINCHO,6537,6
Buenos Aires,4316,EL CARMEN,2754,6
Buenos Aires,2957,EL CAMOATI,6537,6
Buenos Aires,27783,EL BOQUERON,7150,6
Buenos Aires,3022,EL BAGUAL,8504,6
Buenos Aires,3863,EL ARAZA,7249,6
Buenos Aires,3209,EL 60,7100,6
Buenos Aires,2661,EDUARDO COSTA,6064,6
Buenos Aires,3606,DUSSAUD,6050,6
Buenos Aires,4856,DUHAU,6405,6
Buenos Aires,4610,DUFAUR,8164,6
Buenos Aires,4840,EL CORTAPIE,8117,6
Buenos Aires,2469,DEL VALLE,6509,6
Buenos Aires,3545,COSTA AZUL,7112,6
Buenos Aires,2742,CORTI,8118,6
Buenos Aires,3172,CORONEL SUAREZ,7540,6
Buenos Aires,2828,CORONEL RODOLFO BUNGE,7313,6
Buenos Aires,2592,CORONEL MOM,6628,6
Buenos Aires,4643,CORONEL ISLEÃ‘OS,2747,6
Buenos Aires,3156,CORONEL FALCON,8118,6
Buenos Aires,3630,CORONEL CHARLONE,6223,6
Buenos Aires,2503,CORBETT,6507,6
Buenos Aires,4976,CORACEROS,6465,6
Buenos Aires,4680,COOPER,7639,6
Buenos Aires,2879,COMODORO PY,6641,6
Buenos Aires,3067,COMANDANTE GIRIBONE,7135,6
Buenos Aires,2591,COLONIA ZAMBUNGO,6628,6
Buenos Aires,4525,COSTA BRAVA,2914,6
Buenos Aires,27595,COSTA DEL ESTE,7108,6
Buenos Aires,4620,DEL CARRIL,7265,6
Buenos Aires,2582,DE LA GARMA,7515,6
Buenos Aires,3802,DE BRUYN,6031,6
Buenos Aires,4421,DARREGUEIRA,8183,6
Buenos Aires,3193,DAIREAUX,6555,6
Buenos Aires,2980,CURARU,6451,6
Buenos Aires,2979,CUENCA,6231,6
Buenos Aires,3052,CUCHA CUCHA,6746,6
Buenos Aires,27793,CUARTEL V,6000,6
Buenos Aires,27853,CUARTEL IV,7110,6
Buenos Aires,27785,CUARTEL II,7300,6
Buenos Aires,3069,CUARTEL 8,7135,6
Buenos Aires,3595,CUARTEL 2,1987,6
Buenos Aires,4813,CROTTO,7307,6
Buenos Aires,4681,CRISTIANO MUERTO,7503,6
Buenos Aires,4683,EL CRISTIANO,7503,6
Buenos Aires,4744,EL DESCANSO,2935,6
Buenos Aires,4989,ESCALADA,2801,6
Buenos Aires,2471,ERNESTINA,6665,6
Buenos Aires,21073,EREZCANO,2903,6
Buenos Aires,3224,ENSENADA,1925,6
Buenos Aires,3789,ENRIQUE FYNN,1741,6
Buenos Aires,2982,ENCINA,6077,6
Buenos Aires,4423,EMPALME PIEDRA ECHADA,8117,6
Buenos Aires,3865,EMPALME LOBOS,7249,6
Buenos Aires,4390,EMPALME,1633,6
Buenos Aires,2594,EMITA,6634,6
Buenos Aires,3634,EMILIO BUNGE,6241,6
Buenos Aires,4622,EMILIANO REYNOSO,7260,6
Buenos Aires,3633,ELORDI,6242,6
Buenos Aires,3140,EL ZORRO,8151,6
Buenos Aires,4073,ESCUELA AGRICOLA RURAL,7174,6
Buenos Aires,3516,ESCUELA AGRICOLA SALESIANA,6003,6
Buenos Aires,3075,ESTANCIA SAN RAFAEL,7130,6
Buenos Aires,3820,ESTANCIA SAN ANTONIO,6075,6
Buenos Aires,18426,ESTANCIA LAS ISLETAS,8148,6
Buenos Aires,2830,ESTANCIA CHAPAR,7020,6
Buenos Aires,3740,ESTACION MORENO,1901,6
Buenos Aires,2689,ESTACION LAZZARINO,7300,6
Buenos Aires,3739,ESTACION GOMEZ,1903,6
Buenos Aires,3161,ESTACION CORONEL PRINGLES,7536,6
Buenos Aires,4882,ESTACION BARROW,7500,6
Buenos Aires,3517,ESTACION ASCENSION,6003,6
Buenos Aires,4883,EST SAN FRANCISCO BELLOQ,7505,6
Buenos Aires,4834,ESQUINA DE CROTTO,7100,6
Buenos Aires,4657,ESPORA,6601,6
Buenos Aires,4611,ESPARTILLAR,8171,6
Buenos Aires,3596,ESPARTILLAR,1987,6
Buenos Aires,2785,EL VERANO,7620,6
Buenos Aires,3817,EL TRIUNFO,6073,6
Buenos Aires,16436,EL PALOMAR,1684,6
Buenos Aires,2814,EL NACIONAL,2740,6
Buenos Aires,4814,EL MIRADOR,7305,6
Buenos Aires,4621,EL MANGRULLO,7260,6
Buenos Aires,18276,EL LUCERO,7513,6
Buenos Aires,3842,EL LENGUARAZ,7635,6
Buenos Aires,2784,EL JUNCO,7620,6
Buenos Aires,5051,EL JAGUEL,1842,6
Buenos Aires,2783,EL HERVIDERO,7007,6
Buenos Aires,27866,EL GAVILAN,7530,6
Buenos Aires,2921,EL FENIX,2804,6
Buenos Aires,4745,EL ESPINILLO,2946,6
Buenos Aires,3804,EL DORADO,6031,6
Buenos Aires,3632,EL DIA,6241,6
Buenos Aires,4527,EL PARAISO,2916,6
Buenos Aires,2651,EL PARCHE,7263,6
Buenos Aires,4977,EL TRIO,6467,6
Buenos Aires,4881,EL TRIANGULO,7500,6
Buenos Aires,2508,EL TEJAR,6515,6
Buenos Aires,16535,EL TALAR,1617,6
Buenos Aires,4486,EL SOLDADO,7600,6
Buenos Aires,2803,EL SILENCIO,2752,6
Buenos Aires,4815,EL SAUCE,7303,6
Buenos Aires,3597,ESTANCIA VIEJA,7225,6
Buenos Aires,3074,EL RINCON,7130,6
Buenos Aires,4644,EL RETIRO,2741,6
Buenos Aires,4272,EL RECADO,6474,6
Buenos Aires,2862,EL PORVENIR,6550,6
Buenos Aires,2628,EL PITO,7607,6
Buenos Aires,3607,EL PEREGRINO,6053,6
Buenos Aires,3160,EL PENSAMIENTO,7531,6
Buenos Aires,4950,EL RINCON,8146,6
Buenos Aires,3077,HARAS SAN IGNACIO,7136,6
Buenos Aires,3615,LA SUIZA,6050,6
Buenos Aires,3550,LA TABLADA,7163,6
Buenos Aires,4888,LA TIGRA,7500,6
Buenos Aires,4245,LA TOMASA,7403,6
Buenos Aires,4922,LA TRIBU,6015,6
Buenos Aires,3526,LA TRINIDAD,6003,6
Buenos Aires,16468,LA UNION,1804,6
Buenos Aires,4332,LA VANGUARDIA,2715,6
Buenos Aires,4112,LA VERDE,6601,6
Buenos Aires,3538,LA VERDE,7223,6
Buenos Aires,4376,LA VICTORIA,7225,6
Buenos Aires,4333,LA VIOLETA,2751,6
Buenos Aires,27787,LA UNION,7160,6
Buenos Aires,2968,LA SOFIA,6535,6
Buenos Aires,3922,LA PRIMAVERA,1921,6
Buenos Aires,4167,LA PRIMITIVA,7630,6
Buenos Aires,4243,LA PROTEGIDA,6561,6
Buenos Aires,4244,LA PROVIDENCIA,7403,6
Buenos Aires,2478,LA RABIA,6667,6
Buenos Aires,4375,LA REFORMA,7110,6
Buenos Aires,4598,LA REFORMA,7245,6
Buenos Aires,16528,LA REJA,1744,6
Buenos Aires,3104,LA RICA,6623,6
Buenos Aires,3488,LA ROSADA,2812,6
Buenos Aires,4776,LA SARA,6612,6
Buenos Aires,4331,LA SARITA,2751,6
Buenos Aires,3147,LA SIRENA,8150,6
Buenos Aires,3827,LA PRADERA,6453,6
Buenos Aires,4863,LA ZANJA,6400,6
Buenos Aires,4378,LAS CHILCAS,7116,6
Buenos Aires,2698,LAS CORTADERAS,7300,6
Buenos Aires,3667,LAS CUATRO HERMANAS,6437,6
Buenos Aires,4962,LAS ESCOBAS,8134,6
Buenos Aires,3782,LAS FLORES,7200,6
Buenos Aires,3085,LAS BRUSCAS,7130,6
Buenos Aires,4282,LAS JUANITAS,6476,6
Buenos Aires,25775,LAS MALVINAS,1748,6
Buenos Aires,3755,LAS MARTINETAS,7406,6
Buenos Aires,3166,LAS MOSTAZAS,7530,6
Buenos Aires,2520,LAS NEGRAS,6507,6
Buenos Aires,3849,LAS NUTRIAS,7623,6
Buenos Aires,3754,LAS BANDURRIAS,7406,6
Buenos Aires,3945,LAS ARMAS,7172,6
Buenos Aires,3541,LABARDEN,7161,6
Buenos Aires,3665,LAGUNA ALSINA,6439,6
Buenos Aires,4961,LAGUNA CHASICO,8134,6
Buenos Aires,3870,LAGUNA DE LOBOS,7240,6
Buenos Aires,2519,LAGUNA DEL CURA,6501,6
Buenos Aires,4493,LAGUNA DEL SOLDADO,7600,6
Buenos Aires,2697,LAGUNA MEDINA,7214,6
Buenos Aires,3155,LAGUNA SAUCE GRANDE,8150,6
Buenos Aires,27911,LANUS ESTE,1824,6
Buenos Aires,3693,LAPLACETTE,6013,6
Buenos Aires,4281,LARRAMENDY,6451,6
Buenos Aires,3165,LARTIGAU,7531,6
Buenos Aires,2518,LA YESCA,6513,6
Buenos Aires,27851,LA POSTA,7153,6
Buenos Aires,2789,LA ESPERANZA,7007,6
Buenos Aires,3579,LA ESPERANZA GRAL MADARIAGA,7163,6
Buenos Aires,3211,LA ESTRELLA,7100,6
Buenos Aires,4430,LA EVA,8136,6
Buenos Aires,4662,LA FLORIDA,6720,6
Buenos Aires,2561,LA FLORIDA,8185,6
Buenos Aires,25774,LA FRATERNIDAD,1748,6
Buenos Aires,4959,LA GLEVA,8134,6
Buenos Aires,3238,LA GRACIELITA,1623,6
Buenos Aires,3663,LA HERMINIA,6437,6
Buenos Aires,2923,LA HORQUETA,2805,6
Buenos Aires,4886,LA HORQUETA,7500,6
Buenos Aires,2937,LA GARITA,1814,6
Buenos Aires,4165,LA DULCE,7637,6
Buenos Aires,4860,LA CARRETA,6471,6
Buenos Aires,4958,LA CELIA,8144,6
Buenos Aires,3003,LA CENTRAL,6725,6
Buenos Aires,3536,LA CHUMBEADA,7223,6
Buenos Aires,3753,LA COLINA,7408,6
Buenos Aires,3944,LA COLORADA,7119,6
Buenos Aires,4429,LA COLORADA CHICA,8126,6
Buenos Aires,3196,LA COPETA,7545,6
Buenos Aires,18260,LA CORINA,7114,6
Buenos Aires,2936,LA COSTA,1814,6
Buenos Aires,4280,LA COTORRA,6461,6
Buenos Aires,2815,LA DELIA,2740,6
Buenos Aires,2967,LA DORITA,6538,6
Buenos Aires,3212,LA POSTA,7112,6
Buenos Aires,4371,LA LARGA NUEVA,7116,6
Buenos Aires,4798,LA NUMANCIA,7000,6
Buenos Aires,3691,LA ORIENTAL,6022,6
Buenos Aires,3847,LA PALMA,7007,6
Buenos Aires,2656,LA PAMPA,7263,6
Buenos Aires,4799,LA PASTORA,7001,6
Buenos Aires,2517,LA NIÃ‘A,6513,6
Buenos Aires,4491,LA PEREGRINA,7601,6
Buenos Aires,4991,LA PESQUERIA,2800,6
Buenos Aires,3525,LA PINTA,6007,6
Buenos Aires,3848,LA PLAYA,7631,6
Buenos Aires,4862,LA PORTEÃ‘A,6407,6
Buenos Aires,3869,LA PORTEÃ‘A,7241,6
Buenos Aires,3664,LA NEVADA,7545,6
Buenos Aires,4166,LA NEGRA,7005,6
Buenos Aires,27660,LA LEONOR,1814,6
Buenos Aires,3893,LA LOMA,6700,6
Buenos Aires,21725,LA LUCILA,1636,6
Buenos Aires,2953,LA LUISA,2752,6
Buenos Aires,4372,LA LUZ,7225,6
Buenos Aires,2695,LA MANTEQUERIA,7300,6
Buenos Aires,4330,LA MARGARITA,2715,6
Buenos Aires,4629,LA MARGARITA,7260,6
Buenos Aires,3124,LA MARTINA,8109,6
Buenos Aires,4373,LA MASCOTA,7225,6
Buenos Aires,4752,LA MATILDE,2931,6
Buenos Aires,4240,LA NARCISA,7403,6
Buenos Aires,3197,LA LARGA,6555,6
Buenos Aires,27782,LAS PAJAS,7150,6
Buenos Aires,2701,MARTIN FIERRO,7311,6
Buenos Aires,2992,MARUCHA,6451,6
Buenos Aires,3241,MATHEU,1627,6
Buenos Aires,2969,MAURICIO HIRSCH,6531,6
Buenos Aires,2940,MAXIMO PAZ,1812,6
Buenos Aires,3617,MAYOR JOSE ORELLANO,6053,6
Buenos Aires,2885,MECHA,6648,6
Buenos Aires,3583,MEDALAND,7169,6
Buenos Aires,4965,MEDANOS,8132,6
Buenos Aires,3057,MEMBRILLAR,6748,6
Buenos Aires,4562,MERIDIANO VO,6239,6
Buenos Aires,4891,MICAELA CASCALLARES,7507,6
Buenos Aires,2886,MECHITA,6648,6
Buenos Aires,2484,MARTIN BERRAONDO,6667,6
Buenos Aires,3553,MAR DE AJO,7109,6
Buenos Aires,3582,MAR DE LAS PAMPAS,7165,6
Buenos Aires,2639,MAR DEL SUD,7607,6
Buenos Aires,4650,MARCELINO UGARTE,2741,6
Buenos Aires,4096,MARCOS PAZ B BERNASCONI,1727,6
Buenos Aires,4098,MARCOS PAZ B EL MORO,1727,6
Buenos Aires,4100,MARCOS PAZ B LA LONJA,1727,6
Buenos Aires,4102,MARCOS PAZ B MARTIN FIERRO,1727,6
Buenos Aires,4867,MARI LAUQUEN,6400,6
Buenos Aires,4980,MARIA LUCILA,6467,6
Buenos Aires,16571,MARIANO ACOSTA,1723,6
Buenos Aires,4341,MARIANO H ALFONZO,2718,6
Buenos Aires,2871,MARIANO UNZUE,6551,6
Buenos Aires,4078,MAR CHIQUITA,7174,6
Buenos Aires,4547,MIRANDA,7201,6
Buenos Aires,2993,NECOL ESTACION FCGM,6077,6
Buenos Aires,4171,NICANOR OLIVERA,7637,6
Buenos Aires,4967,NICOLAS LEVALLE,8134,6
Buenos Aires,2485,NORBERTO DE LA RIESTRA,6663,6
Buenos Aires,2524,NORUMBEGA,6501,6
Buenos Aires,4152,NAVARRO,6605,6
Buenos Aires,4285,NUEVA PLATA,6451,6
Buenos Aires,2662,NUEVA SUIZA,6077,6
Buenos Aires,4689,OCHANDIO,7521,6
Buenos Aires,4250,OLAVARRIA,7400,6
Buenos Aires,4754,OLIVEIRA CESAR,2931,6
Buenos Aires,21727,OLIVOS,1636,6
Buenos Aires,2796,NAPALEOFU,7007,6
Buenos Aires,4343,MUTTI,2909,6
Buenos Aires,2837,MOLINO GALILEO,7020,6
Buenos Aires,3090,MONASTERIO,7136,6
Buenos Aires,4651,MONROE,2743,6
Buenos Aires,3764,MONTE CHINGOLO,1825,6
Buenos Aires,2568,MONTE FIORE,8185,6
Buenos Aires,4126,MONTE HERMOSO,8153,6
Buenos Aires,3584,MONTECARLO,7167,6
Buenos Aires,3640,MOORES,6230,6
Buenos Aires,16529,MORENO,1744,6
Buenos Aires,3695,MORSE,6013,6
Buenos Aires,2523,MULCAHY,6501,6
Buenos Aires,4249,MUÃ‘OZ,7404,6
Buenos Aires,2702,MIRAMONTE,7214,6
Buenos Aires,3581,MAR AZUL,7165,6
Buenos Aires,3741,LISANDRO OLMOS ETCHEVERRY,1901,6
Buenos Aires,3851,LOBERIA,7635,6
Buenos Aires,3215,LOMA DE SALOMON,7100,6
Buenos Aires,16487,LOMA HERMOSA,1657,6
Buenos Aires,4247,LOMA NEGRA,7403,6
Buenos Aires,3239,LOMA VERDE,1625,6
Buenos Aires,3599,LOMA VERDE,1981,6
Buenos Aires,2925,LOMAS DEL RIO LUJAN,2802,6
Buenos Aires,2835,LOPEZ,7021,6
Buenos Aires,4335,LOPEZ MOLINARI,2718,6
Buenos Aires,3056,LOS ANGELES,2743,6
Buenos Aires,4923,LOS BOSQUES,6018,6
Buenos Aires,16450,LOMAS DE ZAMORA,1832,6
Buenos Aires,4993,LIMA,2806,6
Buenos Aires,4246,LAS PIEDRITAS,7400,6
Buenos Aires,2521,LAS ROSAS,6533,6
Buenos Aires,2793,LAS SUIZAS,7007,6
Buenos Aires,18484,LAS TAHONAS,1921,6
Buenos Aires,4379,LAS TORTUGAS,7116,6
Buenos Aires,3669,LAS TRES FLORES,6437,6
Buenos Aires,3214,LAS VIBORAS,7100,6
Buenos Aires,2700,LAZZARINO,7300,6
Buenos Aires,3087,LEGARISTI,7130,6
Buenos Aires,2564,LEUBUCO,6338,6
Buenos Aires,3894,LEZICA Y TORREZURI,6700,6
Buenos Aires,16570,LIBERTAD,1716,6
Buenos Aires,3850,LICENCIADO MATIENZO,7007,6
Buenos Aires,3240,MAQUINISTA F SAVIO,1619,6
Buenos Aires,4718,LOS CERRILLOS,7226,6
Buenos Aires,26316,LUJAN,6700,6
Buenos Aires,3201,LURO,6439,6
Buenos Aires,4546,MAGALLANES,7151,6
Buenos Aires,3927,MAGDALENA,1913,6
Buenos Aires,3946,MAIPU,7160,6
Buenos Aires,18485,LUIS CHICO,1917,6
Buenos Aires,2483,MAMAGUITA,6661,6
Buenos Aires,4338,MANANTIALES GRANDES,2700,6
Buenos Aires,3743,MANUEL B GONNET,1897,6
Buenos Aires,4339,MANUEL OCAMPO,2713,6
Buenos Aires,4340,MANZO Y NIÃ‘O,2718,6
Buenos Aires,3854,MAORI,7633,6
Buenos Aires,2482,LUCAS MONTEVERDE,6661,6
Buenos Aires,3200,LOUGE,7545,6
Buenos Aires,4145,KILOMETRO 117,6603,6
Buenos Aires,3199,LOS COLONIALES,6555,6
Buenos Aires,4719,LOS EUCALIPTOS,7220,6
Buenos Aires,27927,LOS GATOS,7263,6
Buenos Aires,4924,LOS HUESOS,6015,6
Buenos Aires,2991,LOS INDIOS,6451,6
Buenos Aires,4800,LOS LEONES,7000,6
Buenos Aires,4688,LOS MOLLES,7503,6
Buenos Aires,2638,LOS PATOS,7603,6
Buenos Aires,2795,LOS PINOS,7623,6
Buenos Aires,3031,LOS POZOS,8512,6
Buenos Aires,2859,LOS TALAS,1923,6
Buenos Aires,2794,LOS CARDOS,7620,6
Buenos Aires,2990,LOS CHAÃ‘ARES,6475,6
Buenos Aires,4771,LA ARGENTINA,1865,6
Buenos Aires,3943,LA AMORILLA,7119,6
Buenos Aires,3079,LA AMALIA,7130,6
Buenos Aires,3868,LA ADELAIDA,7243,6
Buenos Aires,3163,KRABBE,7530,6
Buenos Aires,3921,KILOMETRO 92,1911,6
Buenos Aires,2752,KILOMETRO 9 SUD,8101,6
Buenos Aires,4717,KILOMETRO 88,7220,6
Buenos Aires,2922,KILOMETRO 88,2804,6
Buenos Aires,3145,LA AURORA,8151,6
Buenos Aires,18278,LA CALETA,7609,6
Buenos Aires,4751,LA BUANA MOZA,2930,6
Buenos Aires,4750,LA BOLSA,2933,6
Buenos Aires,4957,LA BLANCA,8136,6
Buenos Aires,4627,LA BARRANCOSA,7260,6
Buenos Aires,2858,LA BALANDRA,1923,6
Buenos Aires,3081,LA AZOTEA GRANDE,7130,6
Buenos Aires,4795,LA AURORA,7009,6
Buenos Aires,4368,LA ALCIRA,7116,6
Buenos Aires,2987,KILOMETRO 386,6457,6
Buenos Aires,3826,KILOMETRO 356,6075,6
Buenos Aires,4238,KILOMETRO 333,7400,6
Buenos Aires,3823,KILOMETRO 321,6070,6
Buenos Aires,3210,KILOMETRO 212,7100,6
Buenos Aires,4749,KILOMETRO 184,2946,6
Buenos Aires,3535,KILOMETRO 146,7226,6
Buenos Aires,4661,KILOMETRO 125,6720,6
Buenos Aires,2832,KILOMETRO 404,7005,6
Buenos Aires,2901,KILOMETRO 44,1980,6
Buenos Aires,3792,KILOMETRO 79,1741,6
Buenos Aires,3598,KILOMETRO 70,1981,6
Buenos Aires,2750,KILOMETRO 652,8109,6
Buenos Aires,2934,KILOMETRO 59,1814,6
Buenos Aires,3144,KILOMETRO 563,8151,6
Buenos Aires,4093,KILOMETRO 45,1727,6
Buenos Aires,2902,KILOMETRO 58,1981,6
