Cordoba,16240,LA PAZ,5879,14
Cordoba,24772,LA PENCA,6279,14
Cordoba,16099,LA PLAYOSA,5911,14
Cordoba,23261,LA PINTADA,5248,14
Cordoba,24601,LA POBLACION,5875,14
Cordoba,25109,LA PLAZA,5244,14
Cordoba,25527,LA PLAYA,5285,14
Cordoba,16369,LA PAQUITA,2417,14
Cordoba,25056,LA MESADA,5200,14
Cordoba,24823,LA POBLADORA,5945,14
Cordoba,22813,LA MOSTAZA,5137,14
Cordoba,23254,LA MAZA,5231,14
Cordoba,23255,LA OSCURIDAD,5255,14
Cordoba,16098,LA PALESTINA,5925,14
Cordoba,23829,LA PALMERINA,5913,14
Cordoba,16204,LA PARA,5137,14
Cordoba,25465,LA ROSARINA,5951,14
Cordoba,23883,LA REDUCCION,5105,14
Cordoba,24825,LA REPRESA,2436,14
Cordoba,23265,LA RINCONADA CANDELARIA,5249,14
Cordoba,25399,LA REDUCCION,2594,14
Cordoba,25670,LA TABLADA,5299,14
Cordoba,24310,LA MAJADA,5887,14
Cordoba,22444,LA SIERRITA,5813,14
Cordoba,16278,LA SERRANITA,5189,14
Cordoba,22441,LA RAMONCITA,5813,14
Cordoba,25113,LA POSTA CHUÃ‘AGUAS,5201,14
Cordoba,25348,LA PROVIDENCIA,5231,14
Cordoba,16205,LA PUERTA,5137,14
Cordoba,25767,LA PUERTA VILLA DE SOTO,5284,14
Cordoba,25638,LA QUEBRADA,5172,14
Cordoba,22821,LA QUINTA,5135,14
Cordoba,24317,LA QUINTA,5887,14
Cordoba,16241,LA RAMADA,5875,14
Cordoba,25049,LA MAJADA,5212,14
Cordoba,24307,LA LINEA,5871,14
Cordoba,25636,LA COSTA,5282,14
Cordoba,23866,LA COTITA,5220,14
Cordoba,16038,LA CRUZ,5859,14
Cordoba,16164,LA CUMBRE,5178,14
Cordoba,24819,LA CURVA,2434,14
Cordoba,22316,LA DORMIDA,5817,14
Cordoba,25345,LA ESPERANZA,5231,14
Cordoba,25625,LA ESQUINA,5295,14
Cordoba,24288,LA CONCEPCION,5870,14
Cordoba,22798,LA CELINA,5125,14
Cordoba,25466,LA TIGRA,5949,14
Cordoba,25014,LA CHACRA,5212,14
Cordoba,23249,LA CHICHARRA,5249,14
Cordoba,24956,LA COCHA,5101,14
Cordoba,25023,LA COLONIA,5201,14
Cordoba,27689,LA CONCEPCION,5281,14
Cordoba,22317,LA ESQUINA,5801,14
Cordoba,23253,LA ESTANCIA,5249,14
Cordoba,22425,LA INVERNADA,5801,14
Cordoba,25055,LA ISLA,5186,14
Cordoba,24962,LA ISOLINA,5186,14
Cordoba,25464,LA ITALIANA,2651,14
Cordoba,16077,LA LAGUNA,5284,14
Cordoba,24964,LA LAGUNILLA,5119,14
Cordoba,24508,LA LILIA,5281,14
Cordoba,16076,LA HIGUERA,5285,14
Cordoba,24302,LA GUARDIA,5891,14
Cordoba,23869,LA ESTANCITA,5111,14
Cordoba,16165,LA FALDA,5172,14
Cordoba,24488,LA FLORIDA,5281,14
Cordoba,24496,LA FRONDA,5282,14
Cordoba,24599,LA FUENTE,5879,14
Cordoba,24502,LA GRAMILLA,5282,14
Cordoba,16064,LA GRANJA,5115,14
Cordoba,24768,LA LUZ,6271,14
Cordoba,22510,LAS PEÃ‘AS,5817,14
Cordoba,22706,LAS HIGUERITAS,5199,14
Cordoba,25356,LAS HORQUETAS,5244,14
Cordoba,25131,LAS JARILLAS,5209,14
Cordoba,24976,LAS HIGUERITAS,5186,14
Cordoba,25467,LAS LAGUNITAS,2568,14
Cordoba,24552,LAS LOMAS,5284,14
Cordoba,25358,LAS LOMITAS,5244,14
Cordoba,16223,LAS JUNTURAS,5965,14
Cordoba,22869,LAS HIGUERILLAS,5131,14
Cordoba,24875,LAS CUATRO ESQUINAS,5900,14
Cordoba,24830,LAS DELICIAS,2433,14
Cordoba,24138,LAS ENCADENADAS,5109,14
Cordoba,16189,LAS HIGUERAS,5805,14
Cordoba,23286,LAS FLORES,5249,14
Cordoba,25641,LAS GEMELAS,5184,14
Cordoba,23289,LAS GRAMILLAS,5246,14
Cordoba,22493,LAS ENSENADAS,5825,14
Cordoba,25468,LAS MERCEDITAS,2572,14
Cordoba,25090,LAS PIEDRAS ANCHAS,5212,14
Cordoba,22887,LAS PIGUAS,5129,14
Cordoba,24554,LAS PLAYAS,5285,14
Cordoba,24877,LAS PICHANAS,5900,14
Cordoba,25679,LAS ROSAS,5295,14
Cordoba,25091,LAS SIERRAS,5212,14
Cordoba,22607,LA CAROLINA,5841,14
Cordoba,24334,LAS RABONAS,5885,14
Cordoba,25088,LAS PENCAS,5200,14
Cordoba,22505,LAS MORAS,5801,14
Cordoba,25469,LAS OVERIAS,2559,14
Cordoba,25360,LAS PALMAS,5231,14
Cordoba,25470,LAS PALMERAS,2559,14
Cordoba,22883,LAS PALMITAS,5227,14
Cordoba,24610,LAS PALOMAS,5870,14
Cordoba,25642,LAS PAMPILLAS,5182,14
Cordoba,22884,LAS PEÃ‘AS NORTE,5823,14
Cordoba,24541,LA TOMA,5280,14
Cordoba,23282,LAS CORTADERAS,5249,14
Cordoba,25349,LADERA YACUS,5246,14
Cordoba,22453,LAGUNA CLARA,5813,14
Cordoba,16222,LAGUNA LARGA,5974,14
Cordoba,23847,LAGUNA LARGA SUD,5988,14
Cordoba,24973,LAGUNILLA,5101,14
Cordoba,25282,LAGUNILLAS,5807,14
Cordoba,22471,LAS ABAHACAS,5801,14
Cordoba,24712,LAS ABRAS,5270,14
Cordoba,25127,LA ZANJA,5201,14
Cordoba,24320,LA TRAMPA,5871,14
Cordoba,24826,LA TRINCHERA,2417,14
Cordoba,23886,LA TUNA TINOCO,5131,14
Cordoba,24827,LA UDINE,2413,14
Cordoba,22449,LA VERONICA,5801,14
Cordoba,27641,LA VICTORIA,5231,14
Cordoba,24547,LA VIRGINIA,5281,14
Cordoba,22827,LAS ACACIAS,5129,14
Cordoba,25129,LAS AGUADITAS,5201,14
Cordoba,22488,LAS CAÃ‘ITAS,5801,14
Cordoba,23276,LAS CARDAS,5248,14
Cordoba,24323,LAS CEBOLLAS,5885,14
Cordoba,25068,LAS CHACRAS,5214,14
Cordoba,25671,LAS CHACRAS,5297,14
Cordoba,24108,LAS CHACRAS RUTA 111 KM 14,5101,14
Cordoba,24325,LAS CONANITAS,5885,14
Cordoba,25354,LAS CAÃ‘AS,5216,14
Cordoba,23913,LAS CAÃ‘AS,5101,14
Cordoba,24550,LAS ALERAS,5270,14
Cordoba,16310,LAS ARRIAS,5231,14
Cordoba,16206,LAS AVERIAS,5135,14
Cordoba,25279,LAS BANDURRIAS,5236,14
Cordoba,22839,LAS CABRAS,5127,14
Cordoba,22705,LAS CALERAS,5819,14
Cordoba,24551,LAS CAÃ‘ADAS,5284,14
Cordoba,25532,LAS CORTADERAS,5293,14
Cordoba,24944,EL PUESTO LOS CABRERA,5218,14
Cordoba,25623,ESCOBAS,5282,14
Cordoba,22754,ESPERANZA,5131,14
Cordoba,25336,ESPINILLO,5203,14
Cordoba,25394,ENFERMERA KELLY,2587,14
Cordoba,16203,ESQUINA,5131,14
Cordoba,23124,EST CANDELARIA NORTE,5235,14
Cordoba,25730,ESTACION ACHIRAS,5831,14
Cordoba,23776,ESPINILLO NUÃ‘EZ DEL PRADO,5131,14
Cordoba,23235,ENCRUCIJADA,5231,14
Cordoba,24809,EL TRABAJO,2424,14
Cordoba,23228,EL TULE,5249,14
Cordoba,25702,EL VADO,5182,14
Cordoba,16037,EMBALSE,5856,14
Cordoba,25335,EL VENCE,5231,14
Cordoba,23231,EL VISMAL,5233,14
Cordoba,23233,EL ZAPALLAR,5233,14
Cordoba,24961,EL VEINTICINCO,5214,14
Cordoba,23787,ESTACION COLONIA TIROLESA,5131,14
Cordoba,27680,ESTANCIA VIEJA,5152,14
Cordoba,23240,EUFRASIO LOZA,5248,14
Cordoba,24867,FABRICA MILITAR,5900,14
Cordoba,23237,ESTANCIA PATIÃ‘O,5249,14
Cordoba,24958,FALDA DEL CARMEN,5187,14
Cordoba,25396,FLORA,2525,14
Cordoba,25522,FRAY CAYETANO RODRIGUEZ,6120,14
Cordoba,22690,FALDA DE LOS REARTES,5189,14
Cordoba,25259,ESTANCIA LAS ROSAS,5229,14
Cordoba,25731,ESTACION PUNTA DE AGUA,5839,14
Cordoba,25256,ESTANCIA BOTTARO,5229,14
Cordoba,25624,ESTANCIA DOS RIOS,5155,14
Cordoba,24810,ESTANCIA EL CHAÃ‘AR,2428,14
Cordoba,25257,ESTANCIA EL TACO,5229,14
Cordoba,24811,ESTANCIA LA CHIQUITA,2428,14
Cordoba,24946,ESTANCIA LA PUNTA DEL AGUA,5187,14
Cordoba,25273,ESTANCIA LAS MARGARITAS,2671,14
Cordoba,23806,GALPON CHICO,5967,14
Cordoba,16267,EL TIO,2432,14
Cordoba,22678,EL PORTEZUELO,5196,14
Cordoba,25450,EL PORVENIR,2651,14
Cordoba,25618,EL POTRERO,5155,14
Cordoba,25613,EL POTRERO,5295,14
Cordoba,23572,EL PROGRESO,5249,14
Cordoba,24590,EL PUEBLITO,5875,14
Cordoba,23215,EL PUESTO,5249,14
Cordoba,24410,EL PUESTO,5284,14
Cordoba,25096,EL PERTIGO,5201,14
Cordoba,22528,LAS TAPIAS,5801,14
Cordoba,22673,EL PARADOR DE LA MONTAÃ‘A,5197,14
Cordoba,24940,EL PARAISO,5218,14
Cordoba,25329,EL PASO,5203,14
Cordoba,23759,EL PAYADOR,5151,14
Cordoba,25610,EL PERCHEL,5166,14
Cordoba,24264,EL PERCHEL,5885,14
Cordoba,23125,EL QUEBRACHAL,5101,14
Cordoba,22750,EL QUEBRACHO,5101,14
Cordoba,24265,EL SAUZAL,5887,14
Cordoba,23223,EL SILVERIO,5248,14
Cordoba,24422,EL SIMBOLAR,5281,14
Cordoba,25512,EL SUNCHAL,5291,14
Cordoba,23768,EL TALAR,5107,14
Cordoba,25254,EL TALITA VILLA GRAL MITRE,5236,14
Cordoba,25728,EL TAMBO,5801,14
Cordoba,25190,EL SALTO NORTE,5854,14
Cordoba,25332,EL ROSARIO,5205,14
Cordoba,23218,EL QUEBRACHO,5249,14
Cordoba,24415,EL QUICHO,5270,14
Cordoba,25272,EL RASTREADOR,6121,14
Cordoba,25253,EL RINCON,5231,14
Cordoba,25615,EL RINCON,5871,14
Cordoba,25098,EL RODEITO,5201,14
Cordoba,23220,EL RODEO,5249,14
Cordoba,23770,EL TOMILLO,5149,14
Cordoba,25524,GAVILAN,6132,14
Cordoba,25633,KILOMETRO 608,5149,14
Cordoba,23154,KILOMETRO 679,5123,14
Cordoba,22788,KILOMETRO 691,5125,14
Cordoba,25632,KILOMETRO 592,5166,14
Cordoba,23858,KILOMETRO 745,5220,14
Cordoba,24977,KILOMETRO 807,5212,14
Cordoba,24981,KILOMETRO 832,5200,14
Cordoba,23185,KILOMETRO 730,5145,14
Cordoba,24817,KILOMETRO 581,2428,14
Cordoba,23144,KILOMETRO 25 LA CARBONADA,5123,14
Cordoba,22774,KILOMETRO 271,5139,14
Cordoba,22780,KILOMETRO 316,5137,14
Cordoba,25630,KILOMETRO 579,5168,14
Cordoba,24972,KILOMETRO 450,5218,14
Cordoba,24816,KILOMETRO 531,2424,14
Cordoba,25740,KILOMETRO 545,6142,14
Cordoba,24971,KILOMETRO 430,5200,14
Cordoba,25341,KILOMETRO 907,5216,14
Cordoba,22793,LA BUENA PARADA,5129,14
Cordoba,16063,LA CALERA,5151,14
Cordoba,25621,LA CALERA,5297,14
Cordoba,25491,LA BRIANZA,5848,14
Cordoba,25634,LA CAÃ‘ADA,5155,14
Cordoba,24598,LA CAÃ‘ADA,5870,14
Cordoba,25278,LA CAÃ‘ADA GRANDE,5803,14
Cordoba,22796,LA CAÃ‘ADA,5101,14
Cordoba,25520,LA BISMUTINA,5291,14
Cordoba,24460,LA ABRA,5281,14
Cordoba,24990,LA AGUADA,5212,14
Cordoba,25739,LA AGUADA,5801,14
Cordoba,24271,LA AGUADITA,5887,14
Cordoba,24992,LA AURA,5218,14
Cordoba,24994,LA BARRANCA,5214,14
Cordoba,25490,LA BARRANQUITA,5833,14
Cordoba,24475,LA BATEA,5270,14
Cordoba,16134,GENERAL BALDISSERA,2583,14
Cordoba,25106,JUME,5209,14
Cordoba,16136,GUATIMOZIN,2627,14
Cordoba,16214,GUTEMBERG,5249,14
Cordoba,23139,HARAS SANTA MARTHA,5123,14
Cordoba,16296,HERNANDO,5929,14
Cordoba,16083,HIPOLITO BOUCHARD,6225,14
Cordoba,24594,HORNILLOS,5885,14
Cordoba,16119,HUANCHILLA,6121,14
Cordoba,25276,HUANCHILLA SUD,6121,14
Cordoba,24592,GUANACO BOLEADO,5875,14
Cordoba,16295,GENERAL FOTHERINGHAM,5933,14
Cordoba,16147,GENERAL LEVALLE,6132,14
Cordoba,25733,GENERAL PUEYRREDON,6140,14
Cordoba,16135,GENERAL ROCA,2592,14
Cordoba,25736,GLORIALDO FERNANDEZ,5837,14
Cordoba,25099,GRACIELA,5209,14
Cordoba,25338,GUALLASCATE,5244,14
Cordoba,24438,HUASCHA,5218,14
Cordoba,24267,HUCLE,5887,14
Cordoba,25340,ITI HUASI,5203,14
Cordoba,16297,JAMES CRAIK,5984,14
Cordoba,24814,JEANMAIRE,2424,14
Cordoba,24815,JERONIMO CORTES,5141,14
Cordoba,16088,JOVITA,6127,14
Cordoba,24970,JUAN GARCIA,5212,14
Cordoba,25528,JULIO ARGENTINO ROCA,6134,14
Cordoba,24268,ISLA VERDE,5893,14
Cordoba,16138,ISLA VERDE,2661,14
Cordoba,16084,HUINCA RENANCO,6270,14
Cordoba,24442,IGLESIA VIEJA,5270,14
Cordoba,23816,INDEPENDENCIA,5988,14
Cordoba,24965,INGENIERO BERTINI,5200,14
Cordoba,25101,INVERNADA,5209,14
Cordoba,24966,ISCHILIN,5201,14
Cordoba,22766,ISLA DEL CERRO,5129,14
Cordoba,16326,JUSTINIANO POSSE,2553,14
Cordoba,25157,SAN LUIS,5209,14
Cordoba,25695,PUSISUNA,5299,14
Cordoba,16374,QUEBRACHO HERRADO,2423,14
Cordoba,24379,QUEBRACHO SOLO,5871,14
Cordoba,23462,PUNTA DEL MONTE,5249,14
Cordoba,25174,QUEBRADA DE NONA,5184,14
Cordoba,16110,QUILINO,5214,14
Cordoba,25291,QUISCASACATE,5221,14
Cordoba,25661,QUEBRADA DE LUNA,5282,14
Cordoba,25201,PUNTA DEL AGUA,5931,14
Cordoba,25171,PUESTO DE LOS RODRIGUEZ,5200,14
Cordoba,22993,PUESTO DE PUCHETA,5225,14
Cordoba,24688,PUESTO DEL GALLO,5281,14
Cordoba,22570,PUNTA DEL AGUA,5839,14
Cordoba,24377,PUESTO GUZMAN,5153,14
Cordoba,25153,PUESTO NUEVO,5209,14
Cordoba,25376,PUESTO VIEJO,5244,14
Cordoba,27668,PUESTO EL ABRA,5284,14
Cordoba,24691,RAMBLON,5284,14
Cordoba,25293,RIO DE LOS SAUCES,5221,14
Cordoba,25214,RIO DE LOS TALAS,5221,14
Cordoba,23481,RIO DULCE,5249,14
Cordoba,25175,RIO DE LAS MANZANAS,5212,14
Cordoba,24626,RIO HONDO,5875,14
Cordoba,25001,RIO LOS MOLINOS,5189,14
Cordoba,25215,RIO PINTO,5221,14
Cordoba,25697,RIO HONDO,5297,14
Cordoba,24625,RIO DE JAIME,5875,14
Cordoba,24882,RAMON J CARCANO,5900,14
Cordoba,24793,RANQUELES,6271,14
Cordoba,23474,RAYO CORTADO,5246,14
Cordoba,16122,REDUCCION,5803,14
Cordoba,24134,RINCON,5961,14
Cordoba,22751,RINCON DE LUNA,5197,14
Cordoba,16151,RIO BAMBA,6134,14
Cordoba,24184,RIO CHICO,5221,14
Cordoba,23494,RIO SAN MIGUEL,5249,14
Cordoba,25172,PUESTO DE CERRO,5200,14
Cordoba,22747,POTRERO DE LUJAN,5191,14
Cordoba,25000,POTRERO DE TUTZER,5186,14
Cordoba,25286,POZO CORREA,5221,14
Cordoba,23383,POZO DE JUANCHO,5246,14
Cordoba,24374,POZO DE LA PAMPA,5871,14
Cordoba,24129,POZO DE LAS YEGUAS,5125,14
Cordoba,22967,POZO DE LOS TRONCOS,5137,14
Cordoba,23402,POZO DE MOLINA,5249,14
Cordoba,25693,POCHO,5299,14
Cordoba,16228,PILAR,5972,14
Cordoba,24791,PINCEN,6271,14
Cordoba,25371,PISCO HUASI,5244,14
Cordoba,25691,PITOA,5295,14
Cordoba,22949,PLAZA DE MERCEDES,5137,14
Cordoba,24126,PLAZA RODRIGUEZ,5987,14
Cordoba,24845,PLUJUNTA,5141,14
Cordoba,24846,POZO DEL AVESTRUZ,5947,14
Cordoba,24847,POZO DEL CHAJA,2433,14
Cordoba,16333,PUEBLO ITALIANO,2651,14
Cordoba,25405,PUEBLO RIO TERCERO,2581,14
Cordoba,27886,PUENTE DEL CURA,5891,14
Cordoba,22566,PUENTE LOS MOLLES,5809,14
Cordoba,24375,PUERTA DE LA QUEBRADA,5297,14
Cordoba,25168,PUESTO DE ARRIBA,5214,14
Cordoba,23442,PUESTO DE CASTRO,5233,14
Cordoba,25402,PUEBLO ARGENTINO,2580,14
Cordoba,25374,PROVIDENCIA,5231,14
Cordoba,24675,POZO DEL CHAÃ‘AR,5873,14
Cordoba,16229,POZO DEL MOLLE,5913,14
Cordoba,23406,POZO DEL SIMBOL,5249,14
Cordoba,24182,POZO DEL TIGRE,5145,14
Cordoba,22977,POZO LA PIEDRA,5135,14
Cordoba,25555,POZO SECO,5285,14
Cordoba,22563,PRETOT FREYRE,6140,14
Cordoba,22990,PUESTO DE FIERRO,5227,14
Cordoba,24695,RIO SECO,5284,14
Cordoba,23527,SAN PEDRO,5249,14
Cordoba,27621,SAN PEDRO DE SAN ALBERTO,5871,14
Cordoba,16314,SAN PEDRO NORTE,5205,14
Cordoba,25482,SAN PEDRO,2559,14
Cordoba,24154,SAN RAFAEL,5960,14
Cordoba,23529,SAN RAMON,5249,14
Cordoba,22768,SAN ROQUE,5199,14
Cordoba,24388,SAN RAFAEL,5871,14
Cordoba,24194,SAN PABLO,5220,14
Cordoba,25406,SAN JOSE DEL SALTEÃ‘O,2563,14
Cordoba,25298,SAN LORENZO,5221,14
Cordoba,22580,SAN LUCAS NORTE,5837,14
Cordoba,25159,SAN PABLO,5209,14
Cordoba,25481,SAN MELITON,2664,14
Cordoba,25219,SAN MIGUEL,5212,14
Cordoba,16284,SAN NICOLAS,5187,14
Cordoba,23522,SAN MARTIN,5249,14
Cordoba,23027,SAN SALVADOR,5227,14
Cordoba,25301,SANTA LUCIA,5229,14
Cordoba,25484,SANTA MARIA,2651,14
Cordoba,24416,SANTA MARIA,5889,14
Cordoba,25673,SANTA ISABEL,5282,14
Cordoba,24873,SANTA RITA,2413,14
Cordoba,25223,SANTA RITA,5200,14
Cordoba,25674,SANTA ROSA,5166,14
Cordoba,22772,SANTA MONICA,5197,14
Cordoba,16123,SANTA EUFEMIA,2671,14
Cordoba,24391,SAN SEBASTIAN,5889,14
Cordoba,25222,SAN VICENTE,5200,14
Cordoba,24884,SANABRIA,5901,14
Cordoba,24699,SANTA ANA,5284,14
Cordoba,23535,SANTA CATALINA,5248,14
Cordoba,25769,SANTA CECILIA,2561,14
Cordoba,25541,SANTA CRISTINA,6134,14
Cordoba,24196,SANTA ELENA,5131,14
Cordoba,22571,RIO SECO,5801,14
Cordoba,16249,SAN JOSE,5871,14
Cordoba,16144,SALADILLO,2587,14
Cordoba,25536,SALGUERO,6120,14
Cordoba,16070,SALSIPUEDES,5113,14
Cordoba,24629,SALTO,5873,14
Cordoba,22574,SAN AMBROSIO,5848,14
Cordoba,24696,SAN ANTONIO,5281,14
Cordoba,16167,SAN ANTONIO DE ARREDONDO,5153,14
Cordoba,25294,SAN ANTONIO DE BELLA VISTA,5236,14
Cordoba,16410,SACANTA,5945,14
Cordoba,23500,RIO VIEJO,5249,14
Cordoba,22906,RODEO DE LOS CABALLOS,5821,14
Cordoba,22762,RODEO LAS YEGUAS,5821,14
Cordoba,22573,RODEO VIEJO,5801,14
Cordoba,25535,RUIZ DIAZ DE GUZMAN,6120,14
Cordoba,25562,RUMIHUASI,5285,14
Cordoba,24186,RUTA 19 KILOMETRO 317,5125,14
Cordoba,16334,SAN ANTONIO DE LITIN,2559,14
Cordoba,25007,SAN ANTONIO NORTE,5119,14
Cordoba,24192,SAN ISIDRO,5220,14
Cordoba,24634,SAN ISIDRO,5875,14
Cordoba,27673,SAN JERONIMO,5297,14
Cordoba,24145,SAN JERONIMO,5963,14
Cordoba,25480,SAN JOSE,2563,14
Cordoba,25382,SAN JOSE,5216,14
Cordoba,24698,SAN JOSE,5281,14
Cordoba,25664,SAN IGNACIO,5182,14
Cordoba,25378,SAN GABRIEL,5244,14
Cordoba,22576,SAN BARTOLOME,5801,14
Cordoba,25217,SAN BERNARDO,5201,14
Cordoba,25663,SAN BUENAVENTURA,5164,14
Cordoba,25218,SAN CARLOS,5212,14
Cordoba,16283,SAN CLEMENTE,5187,14
Cordoba,16168,SAN ESTEBAN,5182,14
Cordoba,16405,SAN FRANCISCO,2400,14
Cordoba,24150,SAN JOSE,5961,14
Cordoba,25659,PIEDRAS GRANDES,5172,14
Cordoba,24347,LOS MOLLES,5887,14
Cordoba,24985,LOS OLIVARES,5101,14
Cordoba,24104,LOS PANTANILLOS,5125,14
Cordoba,24619,LOS MOLLES,5885,14
Cordoba,24595,LOS PIQUILLINES,5201,14
Cordoba,23316,LOS POCITOS,5249,14
Cordoba,25128,LOS POZOS,5212,14
Cordoba,25125,LOS PEDERNALES,5212,14
Cordoba,25471,LOS MOLLES,2561,14
Cordoba,24588,LOS HORMIGUEROS,5281,14
Cordoba,23313,LOS HOYOS,5249,14
Cordoba,22530,LOS JAGUELES,5839,14
Cordoba,16040,LOS MOLINOS,5189,14
Cordoba,25685,LOS MEDANITOS,5871,14
Cordoba,22920,LOS MIGUELITOS,5137,14
Cordoba,25281,LOS MISTOLES,5229,14
Cordoba,22919,LOS MANSILLAS,5127,14
Cordoba,24620,LOS POZOS,5870,14
Cordoba,16100,LOS ZORROS,5901,14
Cordoba,16101,LUCA,5917,14
Cordoba,24833,LUIS SAUZE,2423,14
Cordoba,24173,LOS VAZQUEZ,5125,14
Cordoba,16246,LUYABA,5875,14
Cordoba,24603,MAJADA DE SANTIAGO,5287,14
Cordoba,25142,MAJADILLA,5209,14
Cordoba,16372,LUXARDO,2411,14
Cordoba,25473,LOS UCLES,2559,14
Cordoba,25130,LOS PUESTITOS,5200,14
Cordoba,23361,LOS QUEBRACHOS,5246,14
Cordoba,24878,LOS REYUNOS,5925,14
Cordoba,24597,LOS SAUCES,5282,14
Cordoba,16140,LOS SURGENTES,2581,14
Cordoba,27678,LOS TALARES,5299,14
Cordoba,25472,LOS TASIS,2559,14
Cordoba,22536,LOS TRES POZOS,5851,14
Cordoba,16444,MALENA,5839,14
Cordoba,25645,LOS GIGANTES,5155,14
Cordoba,22711,LOMA REDONDA,5299,14
Cordoba,25135,LOMITAS,5209,14
Cordoba,25364,LOS ALAMOS,5244,14
Cordoba,24781,LOS ALFALFARES,6275,14
Cordoba,24560,LOS ALGARROBITOS,5281,14
Cordoba,24339,LOS ALGARROBOS,5887,14
Cordoba,22904,LOS AVILES,5137,14
Cordoba,25537,LOS BARRIALES,5291,14
Cordoba,23298,LO MACHADO,5246,14
Cordoba,24559,LAS TOTORITAS,5285,14
Cordoba,24613,LAS TRES PIEDRAS,5879,14
Cordoba,25644,LAS VAQUERIAS,5184,14
Cordoba,16414,LAS VARAS,5941,14
Cordoba,24147,LAS VERTIENTES DE LA GRANJA,5107,14
Cordoba,24778,LECUEDER,6273,14
Cordoba,16139,LEONES,2594,14
Cordoba,25138,LOS BORDOS,5209,14
Cordoba,25102,LOS CADILLOS,5214,14
Cordoba,25284,LOS CISNES,2684,14
Cordoba,23311,LOS COCOS,5246,14
Cordoba,25280,LOS COMETIERRA,5221,14
Cordoba,16039,LOS CONDORES,5823,14
Cordoba,25682,LOS DOS POZOS,5871,14
Cordoba,24242,LOS DURAZNOS,5220,14
Cordoba,24784,LOS GAUCHOS DE GUEMES,6127,14
Cordoba,24564,LOS CHAÃ‘ARITOS,5281,14
Cordoba,24616,LOS CHAÃ‘ARES,5873,14
Cordoba,24151,LOS CALLEJONES,5220,14
Cordoba,22908,LOS CASTAÃ‘OS,5137,14
Cordoba,25105,LOS CEJAS,5201,14
Cordoba,25140,LOS CERRILLOS,5209,14
Cordoba,16244,LOS CERRILLOS,5871,14
Cordoba,22738,LOS CERROS NEGROS,5821,14
Cordoba,25108,LOS CHAÃ‘ARES,5212,14
Cordoba,25646,LOS GUEVARA,5282,14
Cordoba,25652,MALLIN,5155,14
Cordoba,16331,ORDOÃ‘EZ,2555,14
Cordoba,25477,OVERA NEGRA,5951,14
Cordoba,27601,PACHECO DE MELO,6121,14
Cordoba,25160,ORCOSUNI,5214,14
Cordoba,24679,PALO LABRADO,5281,14
Cordoba,24680,PALO PARADO,5281,14
Cordoba,24682,PALOMA POZO,5284,14
Cordoba,24678,PALO CORTADO,5280,14
Cordoba,24106,ORATORIO DE PERALTA,5125,14
Cordoba,22930,NUEVA ANDALUCIA,5101,14
Cordoba,24178,NUÃ‘EZ DEL PRADO,5131,14
Cordoba,24993,OBREGON,5189,14
Cordoba,25158,ONGAMIRA,5184,14
Cordoba,25540,OJO DE AGUA DE TOTOX,5293,14
Cordoba,16299,OLIVA,5980,14
Cordoba,25290,OLMOS,2684,14
Cordoba,24359,OJO DE AGUA,5887,14
Cordoba,16301,PAMPAYASTA SUR,5931,14
Cordoba,25305,PEDRO E FUNES,2671,14
Cordoba,22558,PERMANENTES,5801,14
Cordoba,24684,PICHANAS,5284,14
Cordoba,23126,PEDANIA CANDELARIA SUD,5233,14
Cordoba,25656,PIEDRA GRANDE,5168,14
Cordoba,16247,PIEDRA PINTADA,5871,14
Cordoba,25401,PIEDRAS ANCHAS,2645,14
Cordoba,24411,PIEDRA BLANCA,5887,14
Cordoba,24881,PAUNERO,5738,14
Cordoba,25655,PARQUE SIQUIMAN,5158,14
Cordoba,16102,PASCO,5925,14
Cordoba,24181,PASO CASTELLANOS,5145,14
Cordoba,24683,PASO DE MONTOYA,5284,14
Cordoba,22556,PASO DEL DURAZNO,5803,14
Cordoba,23371,PASO DEL SILVERIO,5246,14
Cordoba,24370,PASO LAS TROPAS,5887,14
Cordoba,16078,PASO VIEJO,5284,14
Cordoba,16066,MALVINAS ARGENTINAS,5125,14
Cordoba,24176,NINTES,5220,14
Cordoba,24611,MESA DE MARIANO,5285,14
Cordoba,16068,MI GRANJA,5125,14
Cordoba,25533,MIGUEL SALAS,6128,14
Cordoba,22928,MIGUELITO,5225,14
Cordoba,25542,MINA LA BISMUTINA,5291,14
Cordoba,25369,MIRAFLORES,5244,14
Cordoba,25488,MIRAMAR,5143,14
Cordoba,24788,MODESTINO PIZARRO,6273,14
Cordoba,24174,MEDIA LUNA,5125,14
Cordoba,24605,MANDALA,5284,14
Cordoba,24621,MANGUITAS,5873,14
Cordoba,22742,MAR AZUL,5199,14
Cordoba,16141,MARCOS JUAREZ,2580,14
Cordoba,25474,MATACOS,2659,14
Cordoba,16086,MATTALDI,6271,14
Cordoba,16424,MAYU SUMAJ,5153,14
Cordoba,22902,MODESTO ACUÃ‘A,5823,14
Cordoba,25544,MOGOTE VERDE,5291,14
Cordoba,16329,MORRISON,2568,14
Cordoba,25147,MOVADO,5209,14
Cordoba,24355,MUSSI,5299,14
Cordoba,25150,NAVARRO,5209,14
Cordoba,24622,NICHO,5870,14
Cordoba,24356,NIDO DEL AGUILA,5889,14
Cordoba,25546,NINALQUIN,5291,14
Cordoba,24836,MONTE REDONDO,2423,14
Cordoba,16328,MONTE MAIZ,2659,14
Cordoba,25154,MOLINOS,5212,14
Cordoba,16142,MONTE BUEY,2589,14
Cordoba,16208,MONTE CRISTO,5125,14
Cordoba,24880,MONTE DE LOS LAZOS,5900,14
Cordoba,25199,MONTE DEL FRAYLE,5931,14
Cordoba,24835,MONTE GRANDE,2417,14
Cordoba,22543,MONTE LA INVERNADA,5801,14
Cordoba,16330,NOETINGER,2563,14
Cordoba,25485,SANTA ROSA,5913,14
Cordoba,22569,AMBOY,5199,14
Cordoba,25317,ALTO VERDE,5205,14
Cordoba,24190,ALTO GRANDE,5893,14
Cordoba,24916,ALTO DEL DURAZNO,5119,14
Cordoba,24363,ALTO DE LOS QUEBRACHOS,5281,14
Cordoba,25316,ALTO DE FLORES,5203,14
Cordoba,23570,ALTO DE CASTILLO,5145,14
Cordoba,16316,ALTO ALEGRE,5907,14
Cordoba,24189,ALTAUTINA,5871,14
Cordoba,25706,ALPAPUCA,5813,14
Cordoba,16292,ALMAFUERTE,5854,14
Cordoba,16253,ALICIA,5949,14
Cordoba,23574,ANIMI,5107,14
Cordoba,22579,ARROYO SECO,5196,14
Cordoba,25707,ARROYO SANTA CATALINA,5825,14
Cordoba,24197,ARROYO LOS PATOS,5889,14
Cordoba,24837,ARROYO DEL PINO,5901,14
Cordoba,16092,ARROYO CABRAL,5917,14
Cordoba,24193,ARROYO,5297,14
Cordoba,23095,AROMITO,2341,14
Cordoba,24408,ARCOYO,5297,14
Cordoba,24726,ARBOL CHATO,2432,14
Cordoba,24743,ANTONIO CATALANO,6271,14
Cordoba,25564,ANGOSTURA,5155,14
Cordoba,24188,ALGARROBAL,5885,14
Cordoba,24886,SANTA VICTORIA,2675,14
Cordoba,16231,SANTIAGO TEMPLE,5125,14
Cordoba,24396,SANTO DOMINGO,5871,14
Cordoba,25567,SAPANSOTO,5291,14
Cordoba,24887,SARMICA,5925,14
Cordoba,16412,SATURNINO M LASPIUR,5943,14
Cordoba,27682,SAUCE ARRIBA,5871,14
Cordoba,25494,SAUCE DE LOS QUEVEDOS,5297,14
Cordoba,16215,SEBASTIAN ELCANO,5231,14
Cordoba,22782,SEGUNDA USINA,5857,14
Cordoba,16153,SERRANO,6125,14
Cordoba,25303,SANTA SABINA,5221,14
Cordoba,16212,SANTA ROSA DE RIO PRIMERO,5133,14
Cordoba,16180,ALCIRA ESTACION GIGENA,5813,14
Cordoba,25495,AGUAS DE RAMON,5284,14
Cordoba,25070,AGUADA DEL MONTE,5209,14
Cordoba,25314,AGUA HEDIONDA,5216,14
Cordoba,25559,AGUA DE TALA,5155,14
Cordoba,23092,AGUA DE ORO,5248,14
Cordoba,24361,AGUA DE CRESPIN,5285,14
Cordoba,25593,ACOSTILLA,5871,14
Cordoba,24561,ACHIRAS,5875,14
Cordoba,23338,ABBURRA,5220,14
Cordoba,16043,SANTA ROSA DE CALAMUCHITA,5196,14
Cordoba,23577,ASCOCHINGA,5117,14
Cordoba,25486,ATAHONA,5225,14
Cordoba,24373,CACHIYULLO,5284,14
Cordoba,25232,CABINDO,5221,14
Cordoba,16055,CABANA,5109,14
Cordoba,24746,BURMEISTER,6225,14
Cordoba,22677,BUEY MUERTO,5135,14
Cordoba,25598,BUENA VISTA,5295,14
Cordoba,24923,BUENA VISTA,5121,14
Cordoba,16257,BRINKMANN,2419,14
Cordoba,25568,BOSQUE ALEGRE,5187,14
Cordoba,24573,BOCA DEL RIO,5885,14
Cordoba,25573,CALABALUMBA,5282,14
Cordoba,16217,CALCHIN,5969,14
Cordoba,23116,CAMPO GRANDE,5231,14
Cordoba,25237,CAMPO DE LAS PIEDRAS,5236,14
Cordoba,24733,CAMPO COYUNDA,5139,14
Cordoba,23683,CAMPO BOURDICHON,5149,14
Cordoba,24730,CAMPO BEIRO,2421,14
Cordoba,16155,BIALET MASSE,5158,14
Cordoba,25233,CAMPO ALEGRE,5221,14
Cordoba,23669,CAMPAMENTO MINNETTI,5149,14
Cordoba,24925,CAMINO A PUNTA DEL AGUA,5101,14
Cordoba,16128,CAMILO ALDAO,2585,14
Cordoba,22598,CALMAYO,5191,14
Cordoba,25235,CAMPO ALVAREZ,5229,14
Cordoba,25319,BEUCE,5244,14
Cordoba,25595,BALDE DE LA ORILLA,5871,14
Cordoba,23100,BALBUENA,5248,14
Cordoba,23098,BAJO HONDO,5231,14
Cordoba,23766,BAJO GALINDEZ,5961,14
Cordoba,22594,BAJO DEL CARMEN,5189,14
Cordoba,24895,BAJO DE OLMOS,5221,14
Cordoba,22671,BAJO DE FERNANDEZ,5101,14
Cordoba,24913,BAJO CHICO,5189,14
Cordoba,24894,AVELLANEDA,5212,14
Cordoba,23582,AUGUSTO VANDERSANDE,5145,14
Cordoba,22565,ATHOS PAMPA,5194,14
Cordoba,16317,BALLESTEROS,2572,14
Cordoba,16256,BALNEARIA,5141,14
Cordoba,24371,BELLA VISTA,5284,14
Cordoba,23644,BELEN,5220,14
Cordoba,24728,BARRIO MULLER,5143,14
Cordoba,25355,BARRIO LA FORTUNA,2594,14
Cordoba,25181,BARRIO DEL LIBERTADOR,5850,14
Cordoba,24920,BARRIO DEAN FUNES,5123,14
Cordoba,24709,BARRIAL,5281,14
Cordoba,25261,BARRETO,2671,14
Cordoba,24571,BANDA DE VARELA,5875,14
Cordoba,24365,BAÃ‘ADO DE SOTO,5285,14
Cordoba,22675,BALNEARIO GUGLIERI,5137,14
Cordoba,25387,SEVILLA,5205,14
Cordoba,25572,SIERRA DE ABREGU,5291,14
Cordoba,24890,VILLA EMILIA,5900,14
Cordoba,25694,VILLA FLOR SERRANA,5155,14
Cordoba,16046,VILLA GENERAL BELGRANO,5194,14
Cordoba,16175,VILLA GIARDINO,5176,14
Cordoba,25234,VILLA GUTIERREZ,5212,14
Cordoba,25699,VILLA INDEPENDENCIA,5153,14
Cordoba,22841,VILLA LA COBA,5819,14
Cordoba,22844,VILLA LAGO AZUL,5199,14
Cordoba,24229,VILLA LEONOR,5109,14
Cordoba,25046,VILLA LOS AROMOS,5186,14
Cordoba,22838,VILLA EL TORREON,5199,14
Cordoba,22912,VILLA EL CORCOVADO,5199,14
Cordoba,25029,VILLA CIUDAD DE AMERICA,5189,14
Cordoba,24404,VILLA CLODOMIRA,5885,14
Cordoba,16404,VILLA CONCEPCION DEL TIO,2433,14
Cordoba,25692,VILLA COSTA AZUL,5153,14
Cordoba,16238,VILLA CURA BROCHERO,5891,14
Cordoba,27688,VILLA LOS PATOS,2551,14
Cordoba,16045,VILLA DEL DIQUE,5862,14
Cordoba,22828,VILLA DEL PARQUE,5864,14
Cordoba,16428,VILLA DEL PRADO,5186,14
Cordoba,22834,VILLA DEL TALA,5859,14
Cordoba,24227,VILLA DIAZ,5109,14
Cordoba,16081,VILLA DE SOTO,5284,14
Cordoba,23051,VILLA MAR CHIQUITA,5137,14
Cordoba,25501,VILLA TANINGA,5295,14
Cordoba,16090,VILLA VALERIA,6273,14
Cordoba,24864,VILLA VIEJA,2426,14
Cordoba,25502,VISO,5295,14
Cordoba,25547,VIVERO,6128,14
Cordoba,24803,WATT,6270,14
Cordoba,16252,YACANTO,5877,14
Cordoba,22597,YATAY,5841,14
Cordoba,25236,YERBA BUENA,5200,14
Cordoba,24672,ZAPATA,5873,14
Cordoba,24885,SANTA ROSA,5909,14
Cordoba,22871,VILLA SIERRAS DEL LAGO,5857,14
Cordoba,24801,VILLA SARMIENTO,6273,14
Cordoba,24798,VILLA MODERNA,6275,14
Cordoba,16106,VILLA NUEVA,5903,14
Cordoba,16176,VILLA PARQUE SIQUIMAN,5152,14
Cordoba,16112,VILLA QUILINO,5214,14
Cordoba,24406,VILLA RAFAEL BENEGAS,5885,14
Cordoba,16177,VILLA RIO ICHO CRUZ,5153,14
Cordoba,16047,VILLA RUMIPAL,5864,14
Cordoba,22865,VILLA SAN JAVIER,5199,14
Cordoba,16425,VILLA SANTA CRUZ DEL LAGO,5152,14
Cordoba,22593,VILLA SANTA RITA,5801,14
Cordoba,16235,VILLA SARMIENTO,5871,14
Cordoba,24734,CAMPO LA LUISA,2423,14
Cordoba,16174,VILLA CARLOS PAZ,5152,14
Cordoba,16172,TANTI,5155,14
Cordoba,25683,TANTI NUEVO,5155,14
Cordoba,25578,TASACUNA,5284,14
Cordoba,22587,TEGUA,5813,14
Cordoba,23740,TERCER CUERPO DEL EJERCITO,5101,14
Cordoba,16103,TICINO,5927,14
Cordoba,24668,TILQUICHO,5873,14
Cordoba,24213,TINOCO,5131,14
Cordoba,16104,TIO PUJIO,5936,14
Cordoba,16052,TOLEDO,5123,14
Cordoba,25576,TALAINI,5291,14
Cordoba,23034,TALA NORTE,5131,14
Cordoba,25574,SIERRA DE LAS PAREDES,5291,14
Cordoba,25304,SIMBOLAR,5242,14
Cordoba,16307,SINSACATE,5220,14
Cordoba,25165,SOCORRO,5209,14
Cordoba,16170,SOLARES DE YCHO CRUZ,5153,14
Cordoba,24769,TORDILLA NORTE,2435,14
Cordoba,25575,SUNCHAL,5291,14
Cordoba,24664,TABANILLO,5870,14
Cordoba,23556,TACO POZO,5249,14
Cordoba,23559,TAJAMARES,5233,14
Cordoba,22797,TALA CRUZ,5859,14
Cordoba,22585,SUCO,5837,14
Cordoba,23041,TORDILLA NORTE,5135,14
Cordoba,24246,VALLE DEL SOL,5107,14
Cordoba,16173,VALLE HERMOSO,5168,14
Cordoba,23564,VANGUARDIA,5246,14
Cordoba,16197,VICUÃ‘A MACKENNA,6140,14
Cordoba,25686,VILLA AHORA,5166,14
Cordoba,16072,VILLA ALLENDE,5105,14
Cordoba,22823,VILLA AMANCAY,5199,14
Cordoba,16286,VILLA ANISACATE,5189,14
Cordoba,24888,VILLA AURORA,5900,14
Cordoba,25688,VILLA BUSTOS,5164,14
Cordoba,23120,VILLA CANDELARIA NORTE,5249,14
Cordoba,22807,USINA NUCLEAR EMBALSE,5859,14
Cordoba,16071,UNQUILLO,5109,14
Cordoba,25580,TOSNO,5289,14
Cordoba,25582,TOTORA GUASI,5284,14
Cordoba,25389,TOTORALEJOS,5216,14
Cordoba,25167,TOTRILLA,5201,14
Cordoba,24704,TRES ARBOLES,5285,14
Cordoba,25498,TRES CHAÃ‘ARES,5295,14
Cordoba,24158,TRES POZOS,5972,14
Cordoba,23315,TRISTAN NARVAJA,5149,14
Cordoba,16426,TUCLAME,5284,14
Cordoba,25395,TUSCAL,5216,14
Cordoba,16044,UNIDAD TURISTICA EMBALSE,5857,14
Cordoba,25239,CAMPO LA PIEDRA,5221,14
Cordoba,25182,CAMPO ROSSIANO,5987,14
Cordoba,25249,CRUZ DEL QUEMADO,5221,14
Cordoba,16239,CRUZ DE CAÃ‘A,5875,14
Cordoba,16160,CRUZ CHICA,5178,14
Cordoba,24804,CRISTINA,2424,14
Cordoba,16221,COSTA SACATE,5961,14
Cordoba,24757,COSTA DEL RIO QUINTO,6271,14
Cordoba,23782,COSTA ALEGRE,5963,14
Cordoba,25390,CORTADERAS,2661,14
Cordoba,16293,CORRALITO,5853,14
Cordoba,23157,CORRAL DEL REY,5249,14
Cordoba,25448,CUATRO CAMINOS,2551,14
Cordoba,25719,CUATRO VIENTOS,5801,14
Cordoba,25250,DOCTOR NICASIO SALAS OROÃ‘O,5221,14
Cordoba,24941,DIQUE LOS MOLINOS,5192,14
Cordoba,24583,DIQUE LA VIÃ‘A,5885,14
Cordoba,24674,DIEZ RIOS,5875,14
Cordoba,16263,DEVOTO,2424,14
Cordoba,27681,DESVIO EL VOLCAN,5299,14
Cordoba,16277,DESPEÃ‘ADEROS,5121,14
Cordoba,25270,DEMARCHI,2684,14
Cordoba,16108,DEAN FUNES,5200,14
Cordoba,16294,DALMACIO VELEZ SARSFIELD,5919,14
Cordoba,16161,CUESTA BLANCA,5153,14
Cordoba,24799,CORRAL DE GUARDIA,5940,14
Cordoba,22714,CORRAL DE GOMEZ,5135,14
Cordoba,24794,COLONIA UDINE,2417,14
Cordoba,23716,COLONIA TIROLESA,5101,14
Cordoba,16095,COLONIA SILVIO PELLICO,5907,14
Cordoba,24787,COLONIA SANTA RITA,2411,14
Cordoba,24785,COLONIA SANTA MARIA,2423,14
Cordoba,24937,COLONIA SANTA CATALINA,5851,14
Cordoba,24868,COLONIA SAN RAFAEL,2433,14
Cordoba,24936,COLONIA SAN ISIDRO,5189,14
Cordoba,16260,COLONIA SAN BARTOLOME,2426,14
Cordoba,16259,COLONIA PROSPERIDAD,2423,14
Cordoba,16261,COLONIA VALTELINA,2413,14
Cordoba,23728,COLONIA VICENTE AGUERO,5221,14
Cordoba,24673,CORRAL DE CABALLOS,5870,14
Cordoba,25248,CORRAL DE BARRANCA,5221,14
Cordoba,16184,CORONEL BAIGORRIA,5811,14
Cordoba,24914,CORIMAYO,5184,14
Cordoba,25591,COPINA,5153,14
Cordoba,23746,DOLORES NUÃ‘EZ DEL PRADO,5131,14
Cordoba,24245,CONDOR HUASI,5871,14
Cordoba,24241,COMECHINGONES,5153,14
Cordoba,24580,COME TIERRA,5875,14
Cordoba,24795,COLONIAS,2436,14
Cordoba,22712,COLONIA YARETA,5137,14
Cordoba,24581,CONLARA,5873,14
Cordoba,25599,DOMINGO FUNES,5164,14
Cordoba,16265,EL FORTIN,5951,14
Cordoba,25455,EL FLORENTINO,5951,14
Cordoba,23753,EL ESPINILLO,5131,14
Cordoba,22749,EL ESPINAL,5133,14
Cordoba,23188,EL DURAZNO,5249,14
Cordoba,25609,EL DURAZNO,5155,14
Cordoba,25453,EL DORADO,2651,14
Cordoba,16059,EL DIQUECITO,5151,14
Cordoba,27647,EL DESCANSO,2434,14
Cordoba,22746,EL CRISPIN,5129,14
Cordoba,24257,EL CORTE,5889,14
Cordoba,22679,CAMPO RAMALLO,5225,14
Cordoba,23194,EL GALLEGO,5249,14
Cordoba,23123,EL OCHENTA,5123,14
Cordoba,25508,EL MOYANO,5272,14
Cordoba,24939,EL MOLINO,5214,14
Cordoba,24258,EL MIRADOR,5891,14
Cordoba,16060,EL MANZANO,5107,14
Cordoba,23206,EL MANGRULLO,5249,14
Cordoba,23202,EL LAUREL,5248,14
Cordoba,24933,EL JUME,5218,14
Cordoba,24931,EL IALITA,5212,14
Cordoba,23198,EL GUANACO,5231,14
Cordoba,23754,EL GATEADO,5101,14
Cordoba,24782,COLONIA PRODAMONTE,2413,14
Cordoba,23121,EL CHINGOLO,5145,14
Cordoba,25766,EL BALDECITO,5182,14
Cordoba,22737,EL BAGUAL,5137,14
Cordoba,16264,EL ARAÃ‘ADO,5947,14
Cordoba,24584,EL ALTO,5885,14
Cordoba,24919,EL ALGARROBO,5221,14
Cordoba,24251,EL ALGADOBAL,5885,14
Cordoba,25603,EL AGUILA BLANCA,5184,14
Cordoba,16058,DUMESNIL,5149,14
Cordoba,24805,DOS ROSAS,2349,14
Cordoba,25602,DOS RIOS,5155,14
Cordoba,24922,EL BAÃ‘ADO,5214,14
Cordoba,23182,EL BAÃ‘ADO,5248,14
Cordoba,24924,EL CHANCHITO,5218,14
Cordoba,24587,EL CERRO,5875,14
Cordoba,25092,EL CARRIZAL CHUÃ‘AHUASI,5201,14
Cordoba,25611,EL CARRIZAL,5299,14
Cordoba,22740,EL CARRIZAL,5135,14
Cordoba,25724,EL CHIQUILLAN,5813,14
Cordoba,25451,EL CARMEN,2550,14
Cordoba,25723,EL CANO,5821,14
Cordoba,16075,EL BRETE,5281,14
Cordoba,24256,EL BORDO,5871,14
Cordoba,25721,EL BARREAL,5813,14
Cordoba,22667,EL CARMEN,5197,14
Cordoba,24807,EL FUERTECITO,2428,14
Cordoba,25604,CASA BLANCA,5299,14
Cordoba,24576,CARTABEROL,5871,14
Cordoba,24386,CARRIZAL,5285,14
Cordoba,23706,CAROYA,5223,14
Cordoba,16115,CARNERILLO,5805,14
Cordoba,22615,CARAHUASI,5196,14
Cordoba,24859,CAPILLA SAN ANTONIO DE YUCAT,5936,14
Cordoba,22696,CAPILLA LA ESPERANZA,5129,14
Cordoba,23774,CAPILLA DEL CARMEN,5963,14
Cordoba,25244,CAPILLA DE SITON,5231,14
Cordoba,24575,CAPILLA DE ROMERO,5873,14
Cordoba,16158,CASA GRANDE,5162,14
Cordoba,25581,CASA SERRANA HUERTA GRANDE,5175,14
Cordoba,24390,CHACRAS,5284,14
Cordoba,22621,CERROS ASPEROS,5859,14
Cordoba,24233,CERRO NEGRO,5297,14
Cordoba,24908,CERRO DE LA CRUZ,5200,14
Cordoba,16309,CERRO COLORADO,5244,14
Cordoba,25500,CERRO BOLA,5293,14
Cordoba,16130,CAVANAGH,2625,14
Cordoba,25587,CASSAFFOUSTH ESTACION FCGB,5149,14
Cordoba,25083,CASPICHUMA,5209,14
Cordoba,24389,CASAS VIEJAS,5285,14
Cordoba,23133,CASAS VEJAS,5246,14
Cordoba,25085,CHACRAS DEL SAUCE,5244,14
Cordoba,16129,CAP GRAL BERNARDO O HIGGINS,2645,14
Cordoba,22610,CAÃ‘ADA DEL DURAZNO,5196,14
Cordoba,25241,CAÃ‘ADA DE RIO PINTO,5221,14
Cordoba,24900,CAÃ‘ADA DE MAYO,5218,14
Cordoba,23771,CAÃ‘ADA DE MACHADO SUD,5963,14
Cordoba,25499,CAÃ‘ADA DE LAS GATIADAS,5291,14
Cordoba,25240,CAÃ‘ADA DE JUME,5221,14
Cordoba,23118,CAÃ‘ADA DE CORIA,5249,14
Cordoba,22683,CAÃ‘ADA ANCHA SANTA ROSA,5135,14
Cordoba,25423,CAMPO SOL DE MAYO,2679,14
Cordoba,24780,COLONIA PALO LABRADO,2415,14
Cordoba,22612,CAÃ‘ADA DEL SAUCE,5817,14
Cordoba,25081,CAÃ‘ADA DEL TALA,5244,14
Cordoba,24378,CANTERAS QUILPO,5281,14
Cordoba,23705,CANTERAS LA CALERA,5151,14
Cordoba,24381,CANTERAS IGUAZU,5285,14
Cordoba,23698,CANTERAS EL MANZANO,5107,14
Cordoba,24904,CANTERA LOS VIERAS,5212,14
Cordoba,24930,CAPILLA DE COSME,5101,14
Cordoba,16321,CANALS,2650,14
Cordoba,24903,CAÃ‘ADAS HONDAS,5221,14
Cordoba,23688,CAÃ‘ADA SAN ANTONIO,5131,14
Cordoba,24376,CAÃ‘ADA HONDA,5280,14
Cordoba,24223,CAÃ‘ADA GRANDE,5891,14
Cordoba,24384,CANDELARIA,5287,14
Cordoba,22688,CAÃ‘ADA DE MACHADO,5961,14
Cordoba,22649,COLONIA LA CALLE,5196,14
Cordoba,22704,COLONIA LA ARGENTINA,5137,14
Cordoba,16131,COLONIA ITALIANA,2645,14
Cordoba,25185,COLONIA HAMBURGO,5933,14
Cordoba,24763,COLONIA GENERAL DEHEZA,5945,14
Cordoba,24759,COLONIA EUGENIA,2413,14
Cordoba,24755,COLONIA EL MILAGRO,2424,14
Cordoba,25373,COLONIA EL CHAJA,2594,14
Cordoba,24752,COLONIA DOS HERMANOS,2421,14
Cordoba,25263,COLONIA DOLORES,5809,14
Cordoba,25713,COLONIA DEAN FUNES,5847,14
Cordoba,25716,COLONIA LA CELESTINA,5847,14
Cordoba,25431,COLONIA LA LOLA,2650,14
Cordoba,16183,CHAJAN,5837,14
Cordoba,24777,COLONIA MILESSI,2349,14
Cordoba,25445,COLONIA MASCHI,2559,14
Cordoba,25265,COLONIA MAIPU,2684,14
Cordoba,25381,COLONIA LEDESMA,2662,14
Cordoba,24773,COLONIA LAVARELLO,2415,14
Cordoba,24770,COLONIA LA TRINCHERA,2417,14
Cordoba,25517,COLONIA LA PROVIDENCIA,6134,14
Cordoba,25487,COLONIA LA PIEDRA,5801,14
Cordoba,25375,COLONIA LA MURIUCHA,2580,14
Cordoba,25515,COLONIA LA MAGDALENA DE ORO,6132,14
Cordoba,24747,COLONIA COYUNDA,2435,14
Cordoba,24745,COLONIA CORTADERA,2436,14
Cordoba,25087,CHUÃ‘A HUASI,5201,14
Cordoba,16517,CHUCUL,5805,14
Cordoba,24235,CHUA,5871,14
Cordoba,23150,CHILLI CORRAL,5246,14
Cordoba,23146,CHILE CORRAL AL AGUADA,5246,14
Cordoba,16116,CHARRAS,5807,14
Cordoba,25589,CHARBONIER,5282,14
Cordoba,24642,CHANCANI,5871,14
Cordoba,25606,CHAMICO,5299,14
Cordoba,24934,COLONIA COSME SUD,5101,14
Cordoba,24237,CIENAGA DE ALLENDE,5891,14
Cordoba,24577,CHAQUINCHUNA,5870,14
Cordoba,25504,CIENAGA DEL CORO,5289,14
Cordoba,22702,COLONIA CAÃ‘ADON,5137,14
Cordoba,24753,COLONIA BOERO,6270,14
Cordoba,24744,COLONIA CEFERINA,2415,14
Cordoba,25367,COLONIA BARGE,2659,14
Cordoba,25366,COLONIA BALLESTEROS,2662,14
Cordoba,22656,CNIA VACACIONES DE EMPLEADO,5857,14
Cordoba,24739,COLONIA ARROYO DE ALVAREZ,2436,14
Cordoba,27638,COLONIA 10 DE JULIO,2349,14
Cordoba,22633,COLONIA ALEMANA,5196,14
Cordoba,24737,COLONIA ANGELITA,5941,14
Cordoba,24738,COLONIA ANITA,2413,14
