Corrientes,19760,IBIRA PITA,3470,18
Corrientes,19501,IBIRITANGAY,3302,18
Corrientes,17476,IGUATE PORA,3423,18
Corrientes,10200,INFANTE,3483,18
Corrientes,20446,INVERNADA,3454,18
Corrientes,9939,ISABEL VICTORIA,3453,18
Corrientes,9689,ISLA ALTA,3449,18
Corrientes,10279,ISLA GRANDE,3342,18
Corrientes,19998,INGENIO PRIMER CORRENTINO,3401,18
Corrientes,20206,GUAY GRANDE,3340,18
Corrientes,17344,GARRIDO CUE,3416,18
Corrientes,19361,ISLA SOLA,3450,18
Corrientes,19259,GENERAL PAZ,3407,18
Corrientes,20205,GOBERNADOR RUIZ,3340,18
Corrientes,10278,IBERA,3342,18
Corrientes,19358,GRANJA AMELIA,3450,18
Corrientes,17735,GUAYCURU,3465,18
Corrientes,9957,GUAYU,3412,18
Corrientes,10181,HERLITZKA,3403,18
Corrientes,9937,GOYA,3450,18
Corrientes,19262,KILOMETRO 151,3405,18
Corrientes,10112,KILOMETRO 204,3232,18
Corrientes,10040,KILOMETRO 261,3476,18
Corrientes,19769,KILOMETRO 287 FCGU,3470,18
Corrientes,20039,KILOMETRO 31,3403,18
Corrientes,10081,KILOMETRO 182,3224,18
Corrientes,9872,KILOMETRO 393,3344,18
Corrientes,9874,KILOMETRO 396,3344,18
Corrientes,9756,KILOMETRO 405,3460,18
Corrientes,20037,GARRIDO,3403,18
Corrientes,10239,KILOMETRO 387,3446,18
Corrientes,10079,KILOMETRO 167,3220,18
Corrientes,20210,ITA CUA,3340,18
Corrientes,9909,ITA IBATE,3480,18
Corrientes,10038,ITA PUCU,3470,18
Corrientes,10039,ITATI RINCON,3470,18
Corrientes,19940,JARDIN FLORIDO,3420,18
Corrientes,10269,JOSE RAFAEL GOMEZ,3342,18
Corrientes,10074,JUAN PUJOL,3222,18
Corrientes,19764,JUSTINO SOLARI,3476,18
Corrientes,19820,KILOMETRO 120,3222,18
Corrientes,10076,KILOMETRO 134,3222,18
Corrientes,19498,GARCITAS,3302,18
Corrientes,10274,GALARZA CUE,3340,18
Corrientes,10156,ESTACION SALADAS,3428,18
Corrientes,20197,ESTANCIA BUENA VISTA,3340,18
Corrientes,20198,ESTANCIA CASURINA,3340,18
Corrientes,20146,ESTANCIA DEL MEDIO,3474,18
Corrientes,20200,ESTANCIA DURRUTI,3340,18
Corrientes,17715,ESTANCIA EL CHAÃ‘AR,3460,18
Corrientes,20112,ESTANCIA EL PORVENIR,3231,18
Corrientes,19753,ESTANCIA ITA CAABO,3470,18
Corrientes,17239,ESTANCIA LA CARMENCHA,3481,18
Corrientes,9973,ESTABLECIMIENTO LA MERCED,3358,18
Corrientes,20034,ESQUIVEL CUE,3403,18
Corrientes,20253,EL TIGRE,3463,18
Corrientes,19356,EL TRANSITO,3454,18
Corrientes,9807,EL YAPU,3197,18
Corrientes,9751,EMILIO R CONI,3465,18
Corrientes,19490,EMPEDRADO LIMPIO,3302,18
Corrientes,18004,EMPEDRADO LIMPIO,3418,18
Corrientes,19996,ENSENADITA,3412,18
Corrientes,9752,ESPERANZA,3461,18
Corrientes,9753,ESPINILLO,3460,18
Corrientes,19898,ESTANCIA LA CAROLINA,3230,18
Corrientes,19119,ESTANCIA LA LOMA,3344,18
Corrientes,20118,ESTANCIA SOLEDAD,3231,18
Corrientes,10072,ESTE ARGENTINO,3220,18
Corrientes,20148,ESTERO PIRU,3474,18
Corrientes,9811,ESTERO YATAY,3197,18
Corrientes,17475,ESTANCIA SANTA MARIA,3423,18
Corrientes,10036,FELIPE YOFRE,3472,18
Corrientes,20255,FERRET,3463,18
Corrientes,19495,FLORIDA,3302,18
Corrientes,19715,FRANCISCO GAUNA,3427,18
Corrientes,19357,FANEGAS,3454,18
Corrientes,20117,ESTANCIA SAN SOLANO,3231,18
Corrientes,19044,ESTANCIA LAGUNA LIMPIA,3196,18
Corrientes,10237,ESTANCIA LAS SALINAS,3474,18
Corrientes,19896,ESTANCIA LOMATORA,3230,18
Corrientes,17728,ESTANCIA LOS PARAISOS,3460,18
Corrientes,19050,ESTANCIA MARQUEZ LUI,3196,18
Corrientes,20115,ESTANCIA POZO CUADRADO,3231,18
Corrientes,19757,ESTANCIA ROSARIO,3470,18
Corrientes,19492,ESTANCIA SAN JAVIER,3302,18
Corrientes,17730,ESTANCIA SAN JULIO,3460,18
Corrientes,20203,ESTANCIA SAN MIGUEL,3340,18
Corrientes,20040,KILOMETRO 42,3403,18
Corrientes,10280,KILOMETRO 442,3340,18
Corrientes,17352,LAGUNA SOTO,3401,18
Corrientes,19518,LAS ANIMAS,3302,18
Corrientes,19521,LAS DELICIAS,3302,18
Corrientes,17128,LAS GARZAS,3432,18
Corrientes,20157,LAS LAGUNAS,3446,18
Corrientes,19147,LAS MERCEDES,3344,18
Corrientes,19162,LAS PALMIRAS,3344,18
Corrientes,20054,LAS PALMITAS,3403,18
Corrientes,10047,LAS ROSAS,3472,18
Corrientes,20266,LAS TAPERAS,3463,18
Corrientes,20156,LAGUNA AVALOS,3448,18
Corrientes,9821,LA NENA,3197,18
Corrientes,10084,LA PALMA,3224,18
Corrientes,19452,LA PALMIRA,3414,18
Corrientes,17479,LA PEPITA,3423,18
Corrientes,20264,LA PORTEÃ‘A,3463,18
Corrientes,19942,LA QUERENCIA,3420,18
Corrientes,27578,LA VENTA,3226,18
Corrientes,17764,LABORY,3460,18
Corrientes,20053,LAGUNA ALFONSO,3403,18
Corrientes,19522,LAS TRES HERMANAS,3302,18
Corrientes,20159,LAUREL,3448,18
Corrientes,19276,LOMAS DE VERGARA,3405,18
Corrientes,17131,LOMAS ESTE,3432,18
Corrientes,19278,LOMAS RAMIREZ,3405,18
Corrientes,19949,LOMAS SALADAS,3420,18
Corrientes,17353,LOMAS SAN CAYETANO,3401,18
Corrientes,10205,LORETO,3483,18
Corrientes,17480,LOS ANGELES,3423,18
Corrientes,19165,LOS ARBOLES,3344,18
Corrientes,19381,LOS CEIBOS,3454,18
Corrientes,20056,LOMAS DE GALARZA,3403,18
Corrientes,10182,LOMAS DE AGUIRRE,3405,18
Corrientes,9998,LAVALLE,3443,18
Corrientes,9824,LIBERTAD,3196,18
Corrientes,9825,LIBERTADOR,3197,18
Corrientes,10299,LINDA VISTA,3463,18
Corrientes,20484,LOMA ALTA,3302,18
Corrientes,10015,LOMA ALTA,3425,18
Corrientes,20269,LOMA ALTA,3463,18
Corrientes,20486,LOMA POY,3302,18
Corrientes,19948,LOMAS,3420,18
Corrientes,20155,LA MATILDE,3445,18
Corrientes,19144,LA MAGNOLIA,3344,18
Corrientes,20049,KILOMETRO 89,3403,18
Corrientes,19935,KM 425,3420,18
Corrientes,10115,LA AMELIA,3230,18
Corrientes,10201,LA ANGELA,3483,18
Corrientes,20048,KILOMETRO 84,3403,18
Corrientes,10042,LA AURORA,3472,18
Corrientes,19848,LA BLANCA,3466,18
Corrientes,9997,LA BOLSA,3443,18
Corrientes,19367,LA CARLINA,3454,18
Corrientes,17478,LA AURORA,3423,18
Corrientes,20045,KILOMETRO 61,3403,18
Corrientes,9777,KILOMETRO 451,3418,18
Corrientes,9778,KILOMETRO 462,3418,18
Corrientes,10283,KILOMETRO 475,3342,18
Corrientes,10284,KILOMETRO 479,3342,18
Corrientes,10285,KILOMETRO 489,3342,18
Corrientes,18018,KILOMETRO 492,3416,18
Corrientes,9780,KILOMETRO 501,3416,18
Corrientes,10286,KILOMETRO 506,3342,18
Corrientes,17349,KILOMETRO 516,3416,18
Corrientes,20043,KILOMETRO 55,3403,18
Corrientes,10158,KILOMETRO 431,3428,18
Corrientes,19670,LA CELIA,3445,18
Corrientes,9818,LA FLORENCIA,3197,18
Corrientes,19852,LA FLORESTA,3466,18
Corrientes,17758,LA FORTUNA,3461,18
Corrientes,10045,LA HAYDEE,3230,18
Corrientes,19717,LA HERMINIA,3427,18
Corrientes,19265,LA JAULA,3407,18
Corrientes,17761,LA LEONTINA,3466,18
Corrientes,19140,LA LOMA,3344,18
Corrientes,20430,LA LOMA TORRENT,3344,18
Corrientes,19264,LA FLECHA,3405,18
Corrientes,19776,LA ESTRELLA,3476,18
Corrientes,20153,LA CELINA,3474,18
Corrientes,10116,LA COLORADA,3230,18
Corrientes,20256,LA CONCEPCION,3463,18
Corrientes,9730,LA CRIOLLA,3342,18
Corrientes,19372,LA CRUZ,3454,18
Corrientes,19375,LA DIANA,3454,18
Corrientes,20052,LA ELOISA,3403,18
Corrientes,9878,LA ELVA,3344,18
Corrientes,9817,LA EMILIA,3196,18
Corrientes,19506,LA CELESTE,3302,18
Corrientes,9836,PASO ALGARROBO,3197,18
Corrientes,10250,SAN RAFAEL,3446,18
Corrientes,9849,SAN ROQUE,3196,18
Corrientes,10145,SAN ROQUITO,3471,18
Corrientes,10249,SAN PEDRO,3474,18
Corrientes,10252,SAN SEBASTIAN,3448,18
Corrientes,9850,SAN VICENTE,3196,18
Corrientes,19878,SAN VICENTE,3466,18
Corrientes,10146,SAN SALVADOR,3471,18
Corrientes,17877,SAN PEDRO,3461,18
Corrientes,9848,SAN MARTIN,3197,18
Corrientes,20293,SAN MARTIN,3463,18
Corrientes,10209,SAN MIGUEL,3485,18
Corrientes,19435,SAN PEDRO,3451,18
Corrientes,17499,SAN NICOLAS,3421,18
Corrientes,10210,SAN NICOLAS,3485,18
Corrientes,10144,SAN PEDRO,3230,18
Corrientes,19976,SAN NICOLAS,3420,18
Corrientes,9888,SANTA ANA,3344,18
Corrientes,17883,SANTA MARIA,3466,18
Corrientes,9855,SANTA RITA,3196,18
Corrientes,9890,SANTA RITA,3344,18
Corrientes,17500,SANTA MARIA,3423,18
Corrientes,9987,SANTA ROSA,3358,18
Corrientes,20285,SANTA ROSA,3463,18
Corrientes,10253,SANTA SINFOROSA,3446,18
Corrientes,10149,SANTA RITA PARADA PUCHETA,3232,18
Corrientes,10102,SANTA MAGDALENA,3222,18
Corrientes,10021,SANTA ANA,3427,18
Corrientes,9852,SANTA CECILIA,3196,18
Corrientes,10147,SANTA EMILIA,3232,18
Corrientes,9853,SANTA ISABEL,3197,18
Corrientes,9889,SANTA ISABEL,3344,18
Corrientes,10212,SANTA ISABEL,3485,18
Corrientes,10101,SANTA LEA,3224,18
Corrientes,10005,SANTA LUCIA,3445,18
Corrientes,20076,SANTA TERESA,3403,18
Corrientes,10184,SAN LUIS DEL PALMAR,3403,18
Corrientes,19875,SAN FRANCISCO,3220,18
Corrientes,20230,SAN FRANCISCO,3340,18
Corrientes,17493,SAN FRANCISCO,3423,18
Corrientes,19457,SAN FRANCISCO CUE,3414,18
Corrientes,10192,SAN GABRIEL,3346,18
Corrientes,19430,SAN GREGORIO,3450,18
Corrientes,9843,SAN GUSTAVO,3196,18
Corrientes,10140,SAN IGNACIO,3232,18
Corrientes,10094,SAN FERMIN,3222,18
Corrientes,10137,SAN CARLOS,3230,18
Corrientes,9884,SAN CARLOS,3344,18
Corrientes,9708,SAN CAYETANO,3401,18
Corrientes,17870,SAN CELESTINO,3466,18
Corrientes,19428,SAN DIONISIO,3450,18
Corrientes,19973,SAN EMILIO,3420,18
Corrientes,10138,SAN FELIPE,3230,18
Corrientes,19906,SAN ISIDRO,3234,18
Corrientes,19460,SAN ISIDRO,3414,18
Corrientes,17496,SAN JUAN,3423,18
Corrientes,20174,SAN JUAN,3448,18
Corrientes,19555,SAN JULIAN,3302,18
Corrientes,10292,SAN JUSTO,3342,18
Corrientes,10020,SAN LORENZO,3427,18
Corrientes,10004,SAN LUIS,3445,18
Corrientes,20283,SAN LUIS CUE,3463,18
Corrientes,19554,SAN JUAN,3302,18
Corrientes,9845,SAN JUAN,3196,18
Corrientes,9844,SAN JACINTO,3196,18
Corrientes,19551,SAN JERONIMO,3302,18
Corrientes,9986,SAN JOAQUIN,3302,18
Corrientes,9885,SAN JOSE,3344,18
Corrientes,27651,SAN JOSE,3407,18
Corrientes,17495,SAN JOSE,3423,18
Corrientes,20411,SAN JOSE CAACATI,3407,18
Corrientes,10098,SAN LUIS EST LIBERTAD DP,3224,18
Corrientes,20286,SANTA TERESA,3463,18
Corrientes,10024,VELOSO,3427,18
Corrientes,9925,VERGARA LOMAS,3405,18
Corrientes,10007,VILLA AQUINO,3440,18
Corrientes,10006,VEDOYA,3445,18
Corrientes,17363,VILLA EL DORADO,3400,18
Corrientes,10109,VILLA LA FLORIDA,3220,18
Corrientes,9989,VILLA OLIVARI,3486,18
Corrientes,20005,VILLA CUE,3412,18
Corrientes,20084,VECINDAD,3403,18
Corrientes,10194,TRES CERROS,3346,18
Corrientes,9727,TRES HERMANAS,3423,18
Corrientes,20238,TRES TAPERAS,3340,18
Corrientes,9701,VALENCIA,3481,18
Corrientes,9962,TUYUTI,3412,18
Corrientes,19565,ULAJAY,3302,18
Corrientes,10259,URUGUAY,3474,18
Corrientes,9768,TUNITAS,3460,18
Corrientes,19449,VILLA ROLON,3451,18
Corrientes,10010,YATAY,3445,18
Corrientes,10009,YATAYTI CALLE,3445,18
Corrientes,10220,YATAYTI SATA,3485,18
Corrientes,20178,YAPUCA,3474,18
Corrientes,10054,YUQUERI,3470,18
Corrientes,10196,YURUCUA,3346,18
Corrientes,19323,ZAPALLOS,3407,18
Corrientes,17172,YUQUERI,3432,18
Corrientes,10195,YAPEYU,3231,18
Corrientes,18050,VILLA SAN JUAN,3418,18
Corrientes,17365,VILLA SOLARI,3401,18
Corrientes,20296,VILLA TESARO,3463,18
Corrientes,9728,VIRGEN MARIA,3423,18
Corrientes,10297,VUELTA DEL OMBU,3342,18
Corrientes,9963,YACAREY,3412,18
Corrientes,19470,YAGUA ROCAU,3414,18
Corrientes,9770,YAGUARY,3460,18
Corrientes,9954,TRES BOCAS,3454,18
Corrientes,9858,TRES BOCAS,3194,18
Corrientes,10176,SOCORRO,3412,18
Corrientes,19978,SOLEDAD,3420,18
Corrientes,20079,SOMBRERO,3403,18
Corrientes,10295,SOSA,3342,18
Corrientes,9723,TABAY,3421,18
Corrientes,10106,TACUABE,3222,18
Corrientes,9920,TACUARAL,3405,18
Corrientes,10303,SERIANO CUE,3463,18
Corrientes,18046,SECCION PRIMERA SAN JUAN,3416,18
Corrientes,10105,SANTO DOMINGO,3222,18
Corrientes,10175,SANTO DOMINGO,3412,18
Corrientes,10255,SANTO DOMINGO,3449,18
Corrientes,10256,SANTO TOMAS,3448,18
Corrientes,20078,SANTOS LUGARES,3403,18
Corrientes,9765,SARANDI,3460,18
Corrientes,10302,SAUCE,3463,18
Corrientes,10214,TACUARAL,3485,18
Corrientes,10215,TACUAREMBO,3485,18
Corrientes,10258,TIMBO,3448,18
Corrientes,10217,TIMBO PASO,3483,18
Corrientes,9892,TINGUI,3344,18
Corrientes,9922,TILITA,3480,18
Corrientes,9857,TORO CHIPAY,3197,18
Corrientes,9700,TORO PICHAY,3481,18
Corrientes,9893,TORRENT,3344,18
Corrientes,20237,TOPADOR,3340,18
Corrientes,19888,TEBLENARI,3476,18
Corrientes,10052,TACURAL MERCEDES,3471,18
Corrientes,20004,TALA CORA,3401,18
Corrientes,9724,TALITA CUE,3423,18
Corrientes,9891,TAMBO NUEVO,3344,18
Corrientes,10150,TAPEBICUA,3232,18
Corrientes,10296,TAREIRI,3342,18
Corrientes,19440,TARTARIA,3450,18
Corrientes,10257,TATACUA,3448,18
Corrientes,9827,LOS EUCALIPTOS,3197,18
Corrientes,19729,SAN ANTONIO,3427,18
Corrientes,10207,OMBU,3485,18
Corrientes,9834,OMBU SOLO,3196,18
Corrientes,20063,ORATORIO,3403,18
Corrientes,19721,ORATORIO,3427,18
Corrientes,19960,PAGO ARIAS,3420,18
Corrientes,9759,PAGO LARGO,3465,18
Corrientes,9943,PAGO REDONDO,3451,18
Corrientes,19784,PAIMBRE,3472,18
Corrientes,19299,OBRAJE CUE,3405,18
Corrientes,10242,NARANJITO,3448,18
Corrientes,20577,NARANJITO SAN ROQUE,3448,18
Corrientes,17818,NINA,3461,18
Corrientes,9912,NTRA SRA DEL ROS DE CAA CATI,3407,18
Corrientes,17824,NUEVA GRANADA,3461,18
Corrientes,20213,NUEVO PARAISO,3340,18
Corrientes,10206,Ã‘URUGUAY,3483,18
Corrientes,10208,PALMA SOLA,3485,18
Corrientes,17485,PALMAR,3423,18
Corrientes,19174,PARAJE SAN ISIDRO,3454,18
Corrientes,17359,PARQUE SAN MARTIN,3400,18
Corrientes,19724,PASITO,3427,18
Corrientes,10018,PASO AGUIRRE,3427,18
Corrientes,20272,PASO BERMUDEZ,3463,18
Corrientes,20167,PASO CHAÃ‘ARAL,3474,18
Corrientes,19398,PASO CORONEL,3450,18
Corrientes,19455,PARAJE IRIBU CUA,3412,18
Corrientes,9705,PARAJE EL CARMEN,3199,18
Corrientes,17287,PALMAR ARERUNGUA,3481,18
Corrientes,17357,PALMERA,3401,18
Corrientes,10128,PALMITA,3230,18
Corrientes,17828,PALMITAS,3461,18
Corrientes,9881,PANCHO CUE,3344,18
Corrientes,10129,PARADA PUCHETA,3232,18
Corrientes,19963,PARAJE AUGUA,3420,18
Corrientes,19296,NARANJATY,3405,18
Corrientes,19394,Ã‘AEMBE,3453,18
Corrientes,10121,MADARIAGA,3230,18
Corrientes,19167,MALEZAL,3344,18
Corrientes,19293,MALOYITA,3405,18
Corrientes,17133,MACEDO,3432,18
Corrientes,19069,MALVINAS SUR,3199,18
Corrientes,20164,MANANTIALES,3448,18
Corrientes,20001,MANDINGA,3412,18
Corrientes,19068,MALVINAS NORTE,3196,18
Corrientes,9940,LUJAN,3450,18
Corrientes,9828,LOS FLOTADORES,3196,18
Corrientes,9829,LOS LAURELES,3199,18
Corrientes,19951,LOS LIRIOS,3420,18
Corrientes,17482,LUJAMBIO,3423,18
Corrientes,10120,LOS PINOS,3230,18
Corrientes,17778,LOS TRES AMIGOS,3461,18
Corrientes,19535,LOS TRES HERMANOS,3302,18
Corrientes,9831,LOS PARAISOS,3197,18
Corrientes,17780,MARIA,3461,18
Corrientes,19169,MIRA FLORES,3344,18
Corrientes,10122,MIRADOR,3230,18
Corrientes,10086,MOCORETA,3226,18
Corrientes,10085,MIRA FLORES,3222,18
Corrientes,19686,MONTE FLORIDO,3440,18
Corrientes,17483,MONTEVIDEO,3423,18
Corrientes,9879,MORICA,3344,18
Corrientes,10087,MONTE CASEROS,3220,18
Corrientes,10049,MERCEDES,3470,18
Corrientes,19781,MARIA IDALINA,3476,18
Corrientes,17142,MARTIN,3432,18
Corrientes,9697,MARTINEZ CUE,3481,18
Corrientes,19386,MARUCHITAS,3450,18
Corrientes,17354,MATADERO SANTA CATALINA,3416,18
Corrientes,20165,MATRERA,3448,18
Corrientes,17281,MBARIGUI,3481,18
Corrientes,10017,MBURUCUYA,3427,18
Corrientes,17853,PASO DE LAS PIEDRAS,3460,18
Corrientes,20273,PASO DE MULA,3463,18
Corrientes,17866,RINCON,3460,18
Corrientes,19543,RINCON CHICO,3302,18
Corrientes,20279,RINCON DE ANIMAS,3463,18
Corrientes,19418,RINCON DE GOMEZ,3450,18
Corrientes,19422,RINCON DE PAGO,3451,18
Corrientes,9839,RINCON DE SARANDY,3197,18
Corrientes,9763,RINCON DE TUNAS,3185,18
Corrientes,19307,RINCON DE VENCES,3407,18
Corrientes,20069,RIACHUELITO,3403,18
Corrientes,20277,PUNTAS DEL TIGRE,3463,18
Corrientes,9999,QUINTA TERESA,3440,18
Corrientes,9691,RAICES,3433,18
Corrientes,20065,RALERA SUD,3401,18
Corrientes,19413,RANEGAS,3450,18
Corrientes,10134,RECREO,3230,18
Corrientes,19416,REMANSO,3450,18
Corrientes,19903,RINCON DE YAGUARY,3234,18
Corrientes,19546,RINCON DEL ROSARIO,3302,18
Corrientes,19547,SALINAS,3302,18
Corrientes,19794,SALTO ITA JHASE,3470,18
Corrientes,17492,SAN AGUSTIN,3423,18
Corrientes,9948,SAN ALEJO,3454,18
Corrientes,9840,SAN ANTONIO,3196,18
Corrientes,10136,SAN ANTONIO,3234,18
Corrientes,20228,SAN ANTONIO,3340,18
Corrientes,10001,SALADERO SAN ANTONIO,3443,18
Corrientes,19870,SAENZ VALIENTE,3222,18
Corrientes,20280,RINCON DEL TIGRE,3463,18
Corrientes,20235,RINCON MERCEDES ESTANCIA,3340,18
Corrientes,19971,RINCON SAN PEDRO,3420,18
Corrientes,19308,RINCON ZALAZAR,3405,18
Corrientes,19425,ROLON JACINTO,3450,18
Corrientes,17156,ROMERO CUAZU,3432,18
Corrientes,20170,ROSADO GRANDE,3448,18
Corrientes,19540,PUNTA MERCEDES,3302,18
Corrientes,19306,PUNTA GRANDE,3427,18
Corrientes,9945,PASO SAN JUAN,3454,18
Corrientes,9766,PASO TALA,3461,18
Corrientes,19868,PASO VALLEJOS,3220,18
Corrientes,19304,PASO SALDAÃ‘A,3407,18
Corrientes,10246,PEDRO R FERNANDEZ,3446,18
Corrientes,9762,PERUGORRIA,3461,18
Corrientes,10247,PIEDRITA,3222,18
Corrientes,9761,PEDRO DIAZ COLODRERO,3185,18
Corrientes,19902,PASO ROSARIO,3230,18
Corrientes,19864,PASO ESTERITO,3220,18
Corrientes,19303,PASO GALLEGO,3407,18
Corrientes,10131,PASO LEDESMA,3234,18
Corrientes,19403,PASO LOS ANGELES,3454,18
Corrientes,10245,PASO LUCERO,3423,18
Corrientes,19786,PASO MESA,3470,18
Corrientes,27918,PASO NARANJO,3420,18
Corrientes,9699,PASO POTRERO,3481,18
Corrientes,10002,SAN ANTONIO,3445,18
Corrientes,10161,PINDONCITO,3420,18
Corrientes,9947,PUERTO GOYA,3451,18
Corrientes,10091,PUERTO JUAN DE DIOS,3226,18
Corrientes,20225,PUERTO LAS TACUARITAS,3340,18
Corrientes,19538,PUERTO NARANJITO,3302,18
Corrientes,9981,PUERTO VALLE,3302,18
Corrientes,19305,PUESTO LATA,3480,18
Corrientes,20275,PUJOL BEDOYA,3463,18
Corrientes,19691,PUERTA IFRAN,3445,18
Corrientes,19690,PUENTE BATEL,3445,18
Corrientes,9883,PIRAYU,3344,18
Corrientes,20168,PIRRA PUY,3448,18
Corrientes,9980,PORVENIR,3306,18
Corrientes,19727,POTRERO GRANDE,3427,18
Corrientes,9838,PUEBLITO,3196,18
Corrientes,18034,PUEBLITO SAN JUAN,3416,18
Corrientes,27928,PUEBLO LIBERTADOR,3197,18
Corrientes,17489,PINDO,3421,18
Corrientes,10058,ARROYO TOTORAS,3220,18
Corrientes,27577,BUENA VISTA,3226,18
Corrientes,19982,BUENA VISTA,3412,18
Corrientes,9932,BUENA VISTA,3454,18
Corrientes,10185,BUENA VISTA,3471,18
Corrientes,9792,BUENA VISTA,3196,18
Corrientes,10263,CAA GARAY GDOR VIRASORO,3342,18
Corrientes,10264,CAABY POY,3342,18
Corrientes,10231,CAAYOBAY,3448,18
Corrientes,19037,CABRAL,3196,18
Corrientes,9969,CAA GARAY,3302,18
Corrientes,20245,BUENA VENTURA,3463,18
Corrientes,27916,BATEL,3450,18
Corrientes,10028,BAYGORRIA,3230,18
Corrientes,9682,BELLA VISTA,3432,18
Corrientes,9695,BERON DE ASTRADA,3481,18
Corrientes,9931,BUENA ESPERANZA,3454,18
Corrientes,10110,BONPLAND,3234,18
Corrientes,20187,BOQUERON,3340,18
Corrientes,9791,BORANZA,3197,18
Corrientes,20018,BRIGANIS,3403,18
Corrientes,19608,BONETE,3445,18
Corrientes,19734,CALLEJON,3470,18
Corrientes,19736,CAPI VARI,3470,18
Corrientes,17418,CAPILLA CUE,3423,18
Corrientes,17682,CAPIRARI,3465,18
Corrientes,10031,CAPITA MINI,3472,18
Corrientes,10298,CAÃ‘ADITAS,3463,18
Corrientes,10265,CARABI POY,3342,18
Corrientes,20124,CARANDAITI,3485,18
Corrientes,19699,CARDOZO PHI,3427,18
Corrientes,20125,CARRETA PASO,3485,18
Corrientes,17325,CARABAJAL ESTE,3416,18
Corrientes,10232,CAÃ‘ADA MALA,3448,18
Corrientes,20188,CAMBAL,3340,18
Corrientes,18318,CAMBIRETA,3302,18
Corrientes,9793,CAMPO BORDON,3196,18
Corrientes,10014,CAMPO CARDOZO,3427,18
Corrientes,9934,CAMPO ESCALADA,3450,18
Corrientes,27713,CAMPO GRANDE,3401,18
Corrientes,20247,CAMPO MAIDANA,3463,18
Corrientes,20248,CAMPO POY,3463,18
Corrientes,9798,CAMPO SAN JACINTO,3196,18
Corrientes,20021,CAÃ‘ADA GRANDE,3403,18
Corrientes,9863,BATAY,3344,18
Corrientes,19602,BATAL,3445,18
Corrientes,10025,ALEN CUE,3471,18
Corrientes,10225,ALGARROBAL,3445,18
Corrientes,20422,ALGARROBAL PUISOYE,3405,18
Corrientes,9990,ALGARROBO,3441,18
Corrientes,20182,ALGARROBO PARAJE,3445,18
Corrientes,9898,ALTAMORA PARADA,3407,18
Corrientes,9899,ANGOSTURA,3481,18
Corrientes,9966,APIPE GRANDE,3302,18
Corrientes,10027,ARBOL SOLO,3230,18
Corrientes,19980,ALBARDON,3412,18
Corrientes,10224,ALAMO,3448,18
Corrientes,9867,2 DE JULIO,3344,18
Corrientes,10223,9 DE JULIO,3445,18
Corrientes,9732,ABELI,3466,18
Corrientes,9955,ABRA,3414,18
Corrientes,9785,ABRA GUAZU,3197,18
Corrientes,19913,ACUÃ‘A CUE,3420,18
Corrientes,10262,AGUAPEY,3342,18
Corrientes,9895,AGUAY,3407,18
Corrientes,20007,AGUIRRE CUE,3403,18
Corrientes,9694,ARERUNGUA,3481,18
Corrientes,20241,ARISTIA,3463,18
Corrientes,9900,AYALA CUE,3407,18
Corrientes,9738,BAIBIENE,3466,18
Corrientes,9709,BAJO GUAZU,3421,18
Corrientes,9929,BALENGO,3450,18
Corrientes,9790,ARROYO VEGA,3196,18
Corrientes,20014,BARGONE,3403,18
Corrientes,10197,BARRANQUERAS,3480,18
Corrientes,9991,BARRIO VILLA CORDOBA,3440,18
Corrientes,20123,BASTIDORES,3483,18
Corrientes,17317,BAÃ‘ADO SUR,3400,18
Corrientes,9789,ARROYO SORO,3194,18
Corrientes,10154,ARROYO AMBROSIO,3420,18
Corrientes,9928,ARROYO CARANCHO,3450,18
Corrientes,17551,ARROYO CASTILLO,3460,18
Corrientes,10226,ARROYO GONZALEZ,3445,18
Corrientes,19812,ARROYO HORQUETA,3466,18
Corrientes,9862,ARROYO MENDEZ,3344,18
Corrientes,19981,ARROYO PELON,3401,18
Corrientes,10165,ARROYO SAN JUAN,3409,18
Corrientes,9788,ARROYO SATURNO,3197,18
Corrientes,9737,ARROYO SECO,3641,18
Corrientes,20024,CARUSO APEADERO FCGU,3403,18
Corrientes,10266,CASUALIDAD,3340,18
Corrientes,9773,COSTA GRANDE,3425,18
Corrientes,19485,COSTA GUAZU,3302,18
Corrientes,19710,COSTA SAN LORENZO,3427,18
Corrientes,20143,COSTA SANTA LUCIA,3445,18
Corrientes,10167,COSTA TOLEDO,3409,18
Corrientes,20510,CRUCECITAS SANTA LUCIA,3440,18
Corrientes,27546,CUARTA SECCION LOMAS,3461,18
Corrientes,20194,CUAY CHICO,3340,18
Corrientes,10272,CUAY GRANDE,3344,18
Corrientes,18000,COSTA DE EMPEDRADO,3416,18
Corrientes,27569,COSTA CENISAL,3483,18
Corrientes,20189,COLONIA SAN MATEO,3340,18
Corrientes,19342,COLONIA SAUCE,3450,18
Corrientes,17462,COLONIA TATACUA,3423,18
Corrientes,19630,COLONIA VEDOYA,3445,18
Corrientes,9716,CONCEPCION,3423,18
Corrientes,9802,CORONEL ABRAHAM SCHWEIZER,3197,18
Corrientes,9703,CORRIENTES,3400,18
Corrientes,19987,COSTA,3401,18
Corrientes,9746,COSTA ARROYO GARAY,3185,18
Corrientes,9803,CUÃ‘A SUEGRA,3197,18
Corrientes,19348,CURTIEMBRE,3450,18
Corrientes,19712,EL PAGO,3427,18
Corrientes,9868,EL PARAISO,3344,18
Corrientes,10168,EL PELON,3401,18
Corrientes,18319,EL PLATA,3302,18
Corrientes,17694,EL Ã‘ANDUBAY,3460,18
Corrientes,9720,EL PORVENIR,3423,18
Corrientes,10111,EL PROGRESO,3230,18
Corrientes,19351,EL ROSARIO,3450,18
Corrientes,17679,CASILLAS,3460,18
Corrientes,9806,EL PORVENIR,3197,18
Corrientes,9804,EL COQUITO,3197,18
Corrientes,9747,CURUZU CUATIA,3460,18
Corrientes,19993,DESAGUADERO,3403,18
Corrientes,17342,DOCTOR FELIX MARIA GOMEZ,3400,18
Corrientes,20251,DOS HERMANAS,3463,18
Corrientes,19933,DOS OMBUES,3416,18
Corrientes,19038,EL CARMEN,3196,18
Corrientes,19934,EL CARMEN,3420,18
Corrientes,10068,EL CEIBO,3220,18
Corrientes,19488,EL CENTINELA,3302,18
Corrientes,9749,EL CERRO,3461,18
Corrientes,19627,COLONIA SAN EUGENIO,3440,18
Corrientes,19481,COLONIA SAN ANTONIO,3302,18
Corrientes,9801,CHACRAS SUD,3196,18
Corrientes,17689,CHAQUITO,3465,18
Corrientes,19450,CHILECITO,3412,18
Corrientes,19203,CHIRCAL,3407,18
Corrientes,17233,COLONIA,3481,18
Corrientes,9685,COLONIA 3 DE ABRIL,3433,18
Corrientes,19983,COLONIA ALVAREZ,3401,18
Corrientes,10186,COLONIA AROCENA INA,3231,18
Corrientes,19815,COLONIA BARRIENTES,3220,18
Corrientes,9799,CHACRAS NORTE,3196,18
Corrientes,10065,CHACRAS 4A SECCION,3220,18
Corrientes,9740,CASUALIDAD,3461,18
Corrientes,10199,COLONIA SAN ANTONIO,3485,18
Corrientes,10061,CASUARINA,3222,18
Corrientes,20139,CATALAN CUE,3483,18
Corrientes,20250,CAVI POY,3463,18
Corrientes,10268,CAZA PAVA,3342,18
Corrientes,9684,CEBOLLAS,3432,18
Corrientes,9904,CERRITO,3405,18
Corrientes,19702,CHACRAS,3427,18
Corrientes,10062,CHACRAS 1A SECCION,3220,18
Corrientes,9905,COLONIA BRANCHI,3480,18
Corrientes,10198,COLONIA CAIMAN,3485,18
Corrientes,20028,COLONIA LLANO,3403,18
Corrientes,19623,COLONIA LUJAN,3440,18
Corrientes,20130,COLONIA MADARIAGA,3485,18
Corrientes,19986,COLONIA MATILDE,3401,18
Corrientes,19339,COLONIA ROLON COSSIO,3450,18
Corrientes,17331,COLONIA NUEVA VALENCIA,3416,18
Corrientes,10236,COLONIA PANDO,3449,18
Corrientes,9686,COLONIA PROGRESO,3433,18
Corrientes,9906,COLONIA ROMERO,3481,18
Corrientes,10067,COLONIA LIBERTAD,3224,18
Corrientes,19333,COLONIA MERCEDES COSSIO,3450,18
Corrientes,9992,COLONIA CECILIO ECHEVERRIA,3440,18
Corrientes,9713,COLONIA LA HABANA,3423,18
Corrientes,9744,COLONIA CHIRCAL,3461,18
Corrientes,19210,COLONIA DURAZNO,3407,18
Corrientes,19231,COLONIA FLORENCIA,3407,18
Corrientes,9712,COLONIA DORA ELENA,3421,18
Corrientes,20191,COLONIA GOBERNADOR RUIZ,3340,18
Corrientes,19232,COLONIA JUAN PUJOL,3405,18
Corrientes,9993,COLONIA GENERAL FERRE,3440,18
