Entre Rios,18610,PUERTO BARRILES,2840,30
Entre Rios,19288,PUERTO CADENAS,3192,30
Entre Rios,17578,PUERTO COLORADO,3280,30
Entre Rios,9135,PUERTO CURTIEMBRE,3113,30
Entre Rios,17574,PUERTO ALMIRON,3281,30
Entre Rios,18342,PUERTO LAS CUEVAS,3101,30
Entre Rios,8962,PUERTO PERAZZO,2846,30
Entre Rios,19023,PUERTO IBICUY,2846,30
Entre Rios,19280,PUERTO ALGARROBO,3127,30
Entre Rios,8960,PUEBLO NUEVO,2820,30
Entre Rios,20383,PUEBLO NUEVO,3170,30
Entre Rios,19985,PUENTE CARMONA,3118,30
Entre Rios,18336,PUENTE DE LAS PENCAS,3101,30
Entre Rios,19988,PUENTE DEL CHAÃ‘AR,3111,30
Entre Rios,20100,PUENTE OBISPO,3174,30
Entre Rios,18608,PUENTE PELLEGRINI,2840,30
Entre Rios,18424,PUERTO ALGARROBO,3206,30
Entre Rios,20676,RACHEL,3246,30
Entre Rios,9295,RINCON DE MOJONES,3241,30
Entre Rios,18918,RINCON DEL CINTO,2826,30
Entre Rios,8965,RINCON DEL GATO,2821,30
Entre Rios,20679,RINCON LUCAS NORTE,3241,30
Entre Rios,18648,RIO AGUILA,2805,30
Entre Rios,18931,RIO CEIBO,2805,30
Entre Rios,18878,RIO PASAJE AL AGUILA,2805,30
Entre Rios,18941,RIO SAUCE,2805,30
Entre Rios,9138,RAMON A PARERA,3118,30
Entre Rios,9294,RAICES OESTE,3241,30
Entre Rios,20393,PUERTO VIEJO,3260,30
Entre Rios,8761,PUERTO YERUA,3201,30
Entre Rios,8900,PUNTA DEL MONTE,2840,30
Entre Rios,8964,PUERTO UNZUE,2820,30
Entre Rios,20538,QUEBRACHITOS,3153,30
Entre Rios,18161,QUEBRACHO,3212,30
Entre Rios,9251,QUINTO CUARTEL VICTORIA,3153,30
Entre Rios,8797,RACEDO,3114,30
Entre Rios,9133,PUEBLO GENERAL PAZ,3123,30
Entre Rios,8760,PUEBLO FERRE,3216,30
Entre Rios,8683,PALMAR,3285,30
Entre Rios,8872,PALO A PIQUE,3191,30
Entre Rios,8757,PARADA YUQUERI,3214,30
Entre Rios,18853,PARAJE PALAVEROI,2805,30
Entre Rios,8954,PARANA BRAVO,2805,30
Entre Rios,17550,PARQUE NACIONAL EL PALMAR,3280,30
Entre Rios,19966,PASO DE LA ARENA,3118,30
Entre Rios,9223,PALACIO SAN JOSE,3262,30
Entre Rios,9248,PAJONAL,3101,30
Entre Rios,18947,RIO TALAVERA,2805,30
Entre Rios,9068,MONTOYA,3150,30
Entre Rios,9126,MORENO,3122,30
Entre Rios,8952,Ã‘ANDUBAYSAL,2821,30
Entre Rios,9069,NOGOYA,3150,30
Entre Rios,8755,NUEVA ESCOCIA,3201,30
Entre Rios,9025,OMBU,3190,30
Entre Rios,8756,OSVALDO MAGNASCO,3212,30
Entre Rios,20673,PASO DE LA LEGUA,3240,30
Entre Rios,8955,PASO DEL CISNERO,2846,30
Entre Rios,8686,POS POS,3285,30
Entre Rios,20099,PRIMER CUARTEL,3174,30
Entre Rios,9225,PRONUNCIAMIENTO,3263,30
Entre Rios,9249,PUEBLITO NORTE,3155,30
Entre Rios,9131,PUEBLO BELLOCQ,3136,30
Entre Rios,8687,PUEBLO CAZES,3269,30
Entre Rios,20674,PUEBLO DOMINGUEZ,3246,30
Entre Rios,9026,PIEDRAS BLANCAS,3129,30
Entre Rios,18898,PESQUERIA DIAMANTINO,2820,30
Entre Rios,18122,PASO DEL GALLO,3212,30
Entre Rios,27836,PASO DUARTE,3181,30
Entre Rios,18129,PASO MARGARIÃ‘OS,3200,30
Entre Rios,19252,PASO POTRILLO,3127,30
Entre Rios,19255,PASO PUERTO AUGUSTO,3190,30
Entre Rios,8956,PASTOR BRITOS,2826,30
Entre Rios,8759,PEDERNAL,3203,30
Entre Rios,8958,PEHUAJO SUD,2854,30
Entre Rios,18139,PASO SOCIEDAD,3181,30
Entre Rios,8769,TABLADA OESTE,3200,30
Entre Rios,8969,URDINARRAIN,2826,30
Entre Rios,9152,VIALE,3109,30
Entre Rios,9254,VICTORIA,3153,30
Entre Rios,27922,VILLA ANGELICA,3151,30
Entre Rios,9040,VILLA BOREILO,3191,30
Entre Rios,8971,VILLA DEL CERRO,2821,30
Entre Rios,9302,VILLA DOMINGUEZ,3246,30
Entre Rios,8701,VILLA ELISA,3265,30
Entre Rios,8972,VILLA FAUSTINO M PARERA,2824,30
Entre Rios,9253,TRES ESQUINAS,3156,30
Entre Rios,8768,TABLADA NORTE,3200,30
Entre Rios,9039,TACUARAS YACARE,3190,30
Entre Rios,9148,TALITAS,3136,30
Entre Rios,8876,TASES,3187,30
Entre Rios,9149,TEZANOS PINTO,3114,30
Entre Rios,9234,TOMAS ROCAMORA,3261,30
Entre Rios,8906,TRES BOCAS,3155,30
Entre Rios,9151,TRES LAGUNAS,3113,30
Entre Rios,9153,VILLA FONTANA,3114,30
Entre Rios,9305,VILLAGUAYCITO,3218,30
Entre Rios,9306,VIRANO,3142,30
Entre Rios,8771,WALTER MOSS,3216,30
Entre Rios,8772,YAROS,3212,30
Entre Rios,8773,YERUA,3214,30
Entre Rios,19349,YESO OESTE,3190,30
Entre Rios,20687,ZENON ROCA,3240,30
Entre Rios,18420,MONTE VERDE,3228,30
Entre Rios,9154,VILLA GOB LUIS ETCHEVEHERE,3114,30
Entre Rios,9158,VILLA URQUIZA,3113,30
Entre Rios,8804,VILLA LIBERTADOR SAN MARTIN,3103,30
Entre Rios,9235,VILLA MANTERO,3272,30
Entre Rios,8857,VILLA PERPER,3188,30
Entre Rios,8974,VILLA ROMERO,2824,30
Entre Rios,9236,VILLA SAN MARCIAL,3248,30
Entre Rios,9156,VILLA SARMIENTO,3100,30
Entre Rios,9238,VILLA UDINE,3262,30
Entre Rios,8770,VILLA ZORRAQUIN,3201,30
Entre Rios,9299,SPINDOLA,3252,30
Entre Rios,8839,SAN JAIME,3185,30
Entre Rios,8765,SAN JORGE,3212,30
Entre Rios,8873,SAN JOSE DE FELICIANO,3187,30
Entre Rios,8766,SAN JUAN LA QUERENCIA,3212,30
Entre Rios,9229,SAN JUSTO,3260,30
Entre Rios,8874,SAN LUIS SAN JOSE FELICIANO,3187,30
Entre Rios,20012,SAN MARTIN,3113,30
Entre Rios,8697,SAN MIGUEL NRO 2,3269,30
Entre Rios,8841,SAN PEDRO,3212,30
Entre Rios,8693,SAN FRANCISCO,3265,30
Entre Rios,20006,RUTA 138 KILOMETRO 1,3100,30
Entre Rios,18950,SAGASTUME,2823,30
Entre Rios,8902,SALADERO ALZUA,2840,30
Entre Rios,8903,SALADERO SAN JOSE,2840,30
Entre Rios,8966,SAN ANTONIO,2826,30
Entre Rios,9139,SAN BENITO,3107,30
Entre Rios,9228,SAN CIPRIANO,3263,30
Entre Rios,9031,SAN GERONIMO,3191,30
Entre Rios,27833,SAN ROQUE,3228,30
Entre Rios,9072,SAUCE,3150,30
Entre Rios,9142,SAUCE MONTRULL,3118,30
Entre Rios,18166,SAUCE NORTE,3183,30
Entre Rios,9170,SAUCE SUR,2845,30
Entre Rios,9144,SEGUI,3117,30
Entre Rios,18581,SEPTIMO DISTRITO,2840,30
Entre Rios,18629,SEXTO DISTRITO,3155,30
Entre Rios,9038,SIR LEONARD,3142,30
Entre Rios,8843,SARANDI,3228,30
Entre Rios,9141,SANTA SARA,3134,30
Entre Rios,8875,SAN VICTOR,3191,30
Entre Rios,18344,SANATORIO APEADERO FCGU,3101,30
Entre Rios,9231,SANTA ANITA,3248,30
Entre Rios,9226,ROCAMORA,3172,30
Entre Rios,8767,SANTA ISABEL,3203,30
Entre Rios,9140,SANTA LUISA,3133,30
Entre Rios,8905,SANTA MARTA,2840,30
Entre Rios,17611,SANTA ROSA,3252,30
Entre Rios,27841,MONTE REDONDO,2840,30
Entre Rios,9246,MOLINO DOLL,3101,30
Entre Rios,18760,COLONIA EL POTRERO,2820,30
Entre Rios,9185,COLONIA ELISA,3260,30
Entre Rios,17205,COLONIA EMILIO GOUCHON,3269,30
Entre Rios,8814,COLONIA ENSANCHE SAUCE,3208,30
Entre Rios,20576,COLONIA ESPINDOLA,3252,30
Entre Rios,8848,COLONIA FALCO,3188,30
Entre Rios,8815,COLONIA FLORES,3206,30
Entre Rios,8816,COLONIA FRAZER,3228,30
Entre Rios,8917,COLONIA GDOR BASAVILBASO,2824,30
Entre Rios,20575,COLONIA EGIDO,3240,30
Entre Rios,8813,COLONIA DON BOSCO,3204,30
Entre Rios,8654,COLONIA BAYLINA,3269,30
Entre Rios,20147,COLONIA BELGA AMERICANA,3244,30
Entre Rios,9263,COLONIA BERRO,3128,30
Entre Rios,8812,COLONIA BIZCOCHO,3206,30
Entre Rios,8711,COLONIA CAMPOS,3216,30
Entre Rios,8655,COLONIA CARABALLO,3265,30
Entre Rios,9181,COLONIA CARMELO,3263,30
Entre Rios,9088,COLONIA CELINA,3113,30
Entre Rios,9090,COLONIA CRESPO,3118,30
Entre Rios,9183,COLONIA CUPALEN,3261,30
Entre Rios,9264,COLONIA CARLOS CALVO,3252,30
Entre Rios,8818,COLONIA GUALEGUAYCITO,3206,30
Entre Rios,8716,COLONIA LA QUINTA,3216,30
Entre Rios,8822,COLONIA LAMARCA,3206,30
Entre Rios,8660,COLONIA LAS PEPAS,3267,30
Entre Rios,8717,COLONIA LOMA NEGRA,3112,30
Entre Rios,17703,COLONIA LOS SAUCES,3200,30
Entre Rios,9188,COLONIA LUCA,3261,30
Entre Rios,8661,COLONIA MABRAGAÃ‘A,3283,30
Entre Rios,19127,COLONIA MAXIMO CASTRO,3190,30
Entre Rios,9273,COLONIA MIGUEL,3246,30
Entre Rios,9192,COLONIA N 2,3170,30
Entre Rios,9189,COLONIA LUCIENVILLE,3170,30
Entre Rios,8821,COLONIA LA PAZ,3206,30
Entre Rios,9266,COLONIA HEBREA,3216,30
Entre Rios,9092,COLONIA HIGUERA,3138,30
Entre Rios,8659,COLONIA HUGHES,3281,30
Entre Rios,8918,COLONIA ITALIANA,2824,30
Entre Rios,18357,COLONIA LA ARGENTINA,3206,30
Entre Rios,9268,COLONIA LA ARMONIA,3216,30
Entre Rios,9269,COLONIA LA ESPERANZA,3216,30
Entre Rios,8819,COLONIA LA GLORIA,3204,30
Entre Rios,27748,COLONIA LA MARTA,3185,30
Entre Rios,8862,COLONIA LA MATILDE,3287,30
Entre Rios,20581,COLONIA LA BLANQUITA,3254,30
Entre Rios,8710,COLONIA AYUI,3201,30
Entre Rios,8805,BIZCOCHO,3206,30
Entre Rios,19703,BOCA DEL TIGRE APEADERO FCGU,3116,30
Entre Rios,8987,BONALDI,3191,30
Entre Rios,27879,BRAZO LARGO,1647,30
Entre Rios,18593,BUENA VISTA PARAJE,2840,30
Entre Rios,8706,CALABACILLAS,3203,30
Entre Rios,17141,CALERA,3281,30
Entre Rios,19711,CAMINO A DIAMANTE KM 1,3100,30
Entre Rios,17647,CAMPO DOMINGUEZ,3212,30
Entre Rios,9258,CAMPO MORENO,3252,30
Entre Rios,8911,BERISSO DESVIO FCGU,2852,30
Entre Rios,8705,BENITO LEGEREN,3203,30
Entre Rios,18728,ARROYO SANCHEZ CHICO,2823,30
Entre Rios,17129,ARROYO URQUIZA,3280,30
Entre Rios,18740,ARROYO ZAPALLO,2823,30
Entre Rios,9081,AVENIDA EJERCITO PARANA,3100,30
Entre Rios,18187,CAMPO RIQUELME,3101,30
Entre Rios,19694,BAÃ‘ADERO OFICIAL BURGOS,3100,30
Entre Rios,8846,BANDERAS,3190,30
Entre Rios,9083,BARRANCAS COLORADAS,3133,30
Entre Rios,9256,BELEZ,3252,30
Entre Rios,9257,BENITEZ,3216,30
Entre Rios,19446,CAMPS,3150,30
Entre Rios,27756,CAÃ‘ADA DEL CERRO,3228,30
Entre Rios,9259,CLARA,3252,30
Entre Rios,8714,CNIA JUSTO JOSE DE URQUIZA,3212,30
Entre Rios,8652,COLON,3280,30
Entre Rios,9178,COLONIA 1 DE MAYO,3272,30
Entre Rios,9047,CHIQUEROS,3158,30
Entre Rios,27764,COLONIA ADIVINOS,3142,30
Entre Rios,8810,COLONIA ALEMANA,3228,30
Entre Rios,8653,COLONIA AMBIS,3269,30
Entre Rios,9087,COLONIA ARGENTINA,3118,30
Entre Rios,9130,COLONIA AVELLANEDA,3107,30
Entre Rios,27757,COLONIA AYLMAN,3228,30
Entre Rios,8809,CHAVIYU COLONIA FLORES,3204,30
Entre Rios,18750,CANAL PRINCIPAL,2823,30
Entre Rios,9175,CARAGUATA,3248,30
Entre Rios,8780,CARRIZAL,3101,30
Entre Rios,8859,CATALOTTI,3187,30
Entre Rios,8808,CHAVIYU PARADA FCGU,3206,30
Entre Rios,19098,CENTENARIO LA PAZ,3263,30
Entre Rios,9084,CENTRO COMUNITARIO CNIA NUE,3118,30
Entre Rios,8883,CHACRAS,2840,30
Entre Rios,8847,CHAÃ‘AR,3181,30
Entre Rios,9086,CHAÃ‘AR MARIA GRANDE PRIMERA,3111,30
Entre Rios,18719,ARROYO PRINCIPAL,2823,30
Entre Rios,9274,COLONIA NUEVA ALEMANIA,3218,30
Entre Rios,9006,EL COLORADO,3192,30
Entre Rios,19224,EL DIECISIETE,3190,30
Entre Rios,17856,EL EMBALSADO,3183,30
Entre Rios,27759,EL GATO,3180,30
Entre Rios,8851,EL GRAMIYAL,3144,30
Entre Rios,8726,EL MARTILLO,3201,30
Entre Rios,8852,EL PAGO APEADERO FCGU,3212,30
Entre Rios,9109,EL PINGO,3132,30
Entre Rios,9056,EL PUEBLITO,3151,30
Entre Rios,20091,EL CHAJA,3174,30
Entre Rios,8674,EL BRILLANTE,3283,30
Entre Rios,8788,DIAMANTE,3105,30
Entre Rios,20101,DIST RAICES AL NORTE,3177,30
Entre Rios,19478,DISTRITO EL SAUCE,3150,30
Entre Rios,9107,DISTRITO TALA,3118,30
Entre Rios,8789,DOCTOR GARCIA,3101,30
Entre Rios,9053,DON CRISTOBAL,3164,30
Entre Rios,9003,DON GONZALO,3144,30
Entre Rios,8923,DOS HERMANAS,2854,30
Entre Rios,9283,EBEN HOROSCHA,3246,30
Entre Rios,8790,EJIDO DIAMANTE,3105,30
Entre Rios,9054,DON CRISTOBAL 1 SECCION,3150,30
Entre Rios,8728,EL REFUGIO,3212,30
Entre Rios,20093,ESTABLECIMIENTO SAN EUSEBIO,3177,30
Entre Rios,18788,ESTABLECIMIENTO SAN MARTIN,2823,30
Entre Rios,9013,ESTACION ALCARAZ,3188,30
Entre Rios,27843,ESTACION RAICES,3241,30
Entre Rios,9165,ESTACION SOLA,3174,30
Entre Rios,9207,ESTACION URQUIZA,3248,30
Entre Rios,20199,ESTANCIA BELLA VISTA,3272,30
Entre Rios,20221,ESTANCIA CNIA SANTA ELENA,3272,30
Entre Rios,20204,ESTANCIA COLONIA EL OMBU,3272,30
Entre Rios,20215,ESTANCIA COLONIA LA TAPERA,3272,30
Entre Rios,9208,ESTACION URUGUAY,3260,30
Entre Rios,20464,ESTABLECIMIENTO PUNTA ALTA,3155,30
Entre Rios,9010,EL ROSARIO,3191,30
Entre Rios,18782,EL SAUCE,2823,30
Entre Rios,9057,EL TALLER,3117,30
Entre Rios,19514,EL TROPEZON,3150,30
Entre Rios,8925,EMPALME HOLT,2846,30
Entre Rios,20607,EMPALME NEILD,3240,30
Entre Rios,8927,ESCRIÃ‘A,2828,30
Entre Rios,19827,ESPINILLO NORTE,3116,30
Entre Rios,19832,ESTABLECIMIENTO EL CIMARRON,3114,30
Entre Rios,17345,ESTABLECIMIENTO LA CALERA,3287,30
Entre Rios,8675,ENRIQUE BERDUC,3118,30
Entre Rios,9282,DESPARRAMADOS,3246,30
Entre Rios,9199,COLONIA SAN ANTONIO,3269,30
Entre Rios,9200,COLONIA SAN CIPRIANO,3263,30
Entre Rios,8667,COLONIA SAN FRANCISCO,3283,30
Entre Rios,9276,COLONIA SAN JORGE,3252,30
Entre Rios,8669,COLONIA SAN JOSE,3218,30
Entre Rios,27758,COLONIA SAN LORENZO,3181,30
Entre Rios,9099,COLONIA SAN MARTIN,3113,30
Entre Rios,18359,COLONIA SAN RAMON,3229,30
Entre Rios,9202,COLONIA SANTA ANA,3261,30
Entre Rios,18361,COLONIA SANTA ELOISA,3206,30
Entre Rios,9198,COLONIA SAGASTUME,3246,30
Entre Rios,8785,COLONIA RIVAS,3164,30
Entre Rios,27750,COLONIA NUEVA NORTE,3265,30
Entre Rios,27751,COLONIA NUEVA SUR,3265,30
Entre Rios,8823,COLONIA OFICIAL N 1 LA FLORIDA,3228,30
Entre Rios,8997,COLONIA OFICIAL N 13,3191,30
Entre Rios,18362,COLONIA SANTA ELVIRA,3229,30
Entre Rios,8719,COLONIA OFICIAL N 5,3216,30
Entre Rios,9000,COLONIA OUGRIE,3138,30
Entre Rios,8664,COLONIA PEREIRA,3272,30
Entre Rios,9275,COLONIA PERLIZA,3246,30
Entre Rios,9097,COLONIA RIVADAVIA,3123,30
Entre Rios,9100,COLONIA SANTA LUISA,3133,30
Entre Rios,9203,COLONIA SANTA TERESITA,3263,30
Entre Rios,27746,COSTA URUGUAY NORTE,2821,30
Entre Rios,9102,CRESPO,3116,30
Entre Rios,9050,CRUCESITAS 3 SECCION,3151,30
Entre Rios,9052,CRUCESITAS 8 SECCION,3177,30
Entre Rios,8787,COSTA GRANDE DOLL,3101,30
Entre Rios,20090,CUATRO BOCAS,3174,30
Entre Rios,18775,CUATRO BOCAS PARAJE,2820,30
Entre Rios,8886,CUCHILLA,2840,30
Entre Rios,8723,CUEVA DEL TIGRE,3201,30
Entre Rios,9104,CURTIEMBRE,3113,30
Entre Rios,9002,CURUZU CHALI,3190,30
Entre Rios,8884,COSTA DEL NOGOYA,3155,30
Entre Rios,9279,COLONIA SONENFELD,3246,30
Entre Rios,9204,COLONIA TRES DE FEBRERO,3265,30
Entre Rios,20181,COLONIA UBAJAY,3260,30
Entre Rios,9280,COLONIA VELEZ,3252,30
Entre Rios,9281,COSTA DEL PAYTICU,3138,30
Entre Rios,8721,COLONIA YERUA,3201,30
Entre Rios,8722,CONCORDIA,3200,30
Entre Rios,8919,COOPERATIVA BRAZO LARGO,2823,30
Entre Rios,27763,CORRALES,3151,30
Entre Rios,8863,CORREA,3187,30
Entre Rios,19692,ARROYO PANCHO,3111,30
Entre Rios,17127,ARROYO PALMAR,3218,30
Entre Rios,9288,LA ESTRELLA,3254,30
Entre Rios,8944,LA ESCONDIDA,2826,30
Entre Rios,8740,LA EMILIA,3212,30
Entre Rios,8943,LA CUADRA,2823,30
Entre Rios,8942,LA COSTA,2852,30
Entre Rios,8738,LA COLORADA,3212,30
Entre Rios,9060,LA COLINA,3158,30
Entre Rios,8941,LA CHICA,2824,30
Entre Rios,18798,LA CAPILLA,3246,30
Entre Rios,19549,LA FLORENCIA,3151,30
Entre Rios,18427,LA FRATERNIDAD Y SANTA JUANA,3228,30
Entre Rios,8746,LA QUERENCIA,3212,30
Entre Rios,9117,LA PICADA,3118,30
Entre Rios,9018,LA PAZ,3190,30
Entre Rios,20120,LA OLLITA,3174,30
Entre Rios,8743,LA NOBLEZA,3212,30
Entre Rios,9063,LA MARUJA A,3151,30
Entre Rios,9062,LA LLAVE,3158,30
Entre Rios,9116,LA JULIANA,3134,30
Entre Rios,8742,LA INVERNADA,3212,30
Entre Rios,8865,LA HIERRA,3183,30
Entre Rios,9212,LA MARIA LUISA,3261,30
Entre Rios,20309,LA BARRACA,3260,30
Entre Rios,17980,KILOMETRO 355,3216,30
Entre Rios,18176,KILOMETRO 347,3200,30
Entre Rios,18174,KILOMETRO 344,3212,30
Entre Rios,17976,KILOMETRO 342,3200,30
Entre Rios,17384,KILOMETRO 337,3269,30
Entre Rios,17382,KILOMETRO 336,3280,30
Entre Rios,17953,KILOMETRO 329,3212,30
Entre Rios,17381,KILOMETRO 324,3280,30
Entre Rios,17945,KILOMETRO 32,3200,30
Entre Rios,8936,KILOMETRO 311,2820,30
Entre Rios,17970,KILOMETRO 333,3212,30
Entre Rios,18389,KILOMETRO 37,3204,30
Entre Rios,9114,LA BALSA,3113,30
Entre Rios,20304,LA AMIGUITA,3244,30
Entre Rios,17400,KILOMETRO 99,3283,30
Entre Rios,17397,KILOMETRO 88,3280,30
Entre Rios,18399,KILOMETRO 84,3228,30
Entre Rios,18002,KILOMETRO 6,3201,30
Entre Rios,17391,KILOMETRO 50,3287,30
Entre Rios,18392,KILOMETRO 47,3206,30
Entre Rios,19886,KILOMETRO 45,3116,30
Entre Rios,18333,KILOMETRO 43,3116,30
Entre Rios,17393,KILOMETRO 56,3285,30
Entre Rios,8748,LA ROSADA,3201,30
Entre Rios,9298,LUCAS SUR 2DA SECCION,3240,30
Entre Rios,20662,LUCAS NORTE,3241,30
Entre Rios,9066,LUCAS GONZALEZ,3158,30
Entre Rios,18414,LOS PARAISOS,3228,30
Entre Rios,9290,LOS OMBUES,3241,30
Entre Rios,9245,LOS GANSOS,3101,30
Entre Rios,8754,LOS CHARRUAS,3212,30
Entre Rios,18335,LOS BURGOS APEADERO FCGU,3116,30
Entre Rios,8950,LOS AMIGOS,2828,30
Entre Rios,8752,LOMA NEGRA,3212,30
Entre Rios,18845,LUCIENVILLE 2,2828,30
Entre Rios,18849,LUCIENVILLE 4,2828,30
Entre Rios,20670,MOJONES SUR SEGUNDO,3241,30
Entre Rios,20664,MOJONES NORTE,3241,30
Entre Rios,20663,MIGUEL J PERLIZA,3246,30
Entre Rios,8977,MEDANOS,2848,30
Entre Rios,27835,LOMA LIMPIA,3188,30
Entre Rios,9022,MARTINETTI,3191,30
Entre Rios,9124,MARIA GRANDE PRIMERA,3111,30
Entre Rios,9221,MANGRULLO,3248,30
Entre Rios,9021,MANANTIALES,3191,30
Entre Rios,9220,MAC DOUGALL,3244,30
Entre Rios,20343,LIONEL,3244,30
Entre Rios,20334,LINEA 24,3170,30
Entre Rios,8794,LAS CUEVAS,3101,30
Entre Rios,8896,LAS COLAS,2841,30
Entre Rios,8895,LAS BATEAS,2840,30
Entre Rios,8947,LARROQUE,2854,30
Entre Rios,9167,LAS GUACHAS,3174,30
Entre Rios,9244,LAGUNA DEL PESCADO,3155,30
Entre Rios,9214,LA ZELMIRA,2820,30
Entre Rios,8866,LA VERBENA,3185,30
Entre Rios,17509,LA SUIZA,3280,30
Entre Rios,20313,LA SESTEADA,3260,30
Entre Rios,17511,LA S DIEZ CASAS,3269,30
Entre Rios,8948,LAS MASITAS,2828,30
Entre Rios,20327,LINEA 19,3244,30
Entre Rios,18334,LIBERTADOR SAN MARTIN,3103,30
Entre Rios,9218,LIBAROS,3244,30
Entre Rios,8897,LAZO,2841,30
Entre Rios,9019,LAS LAGUNAS,3191,30
Entre Rios,8750,LAS TEJAS,3201,30
Entre Rios,8836,LAS PEÃ‘AS,3206,30
Entre Rios,8868,LAS MULITAS,3191,30
Entre Rios,8749,LAS MOCHAS,3216,30
Entre Rios,9215,LAS MERCEDES,2854,30
Entre Rios,18605,KILOMETRO 306,2840,30
Entre Rios,18602,KILOMETRO 303,2841,30
Entre Rios,8984,ALCARAZ 1RO,3144,30
Entre Rios,8985,ALCARAZ NORTE,3136,30
Entre Rios,19631,ALCETE,3127,30
Entre Rios,8775,ALDEA BRASILERA,3101,30
Entre Rios,19642,ALDEA CUESTA,3116,30
Entre Rios,9075,ALDEA MARIA LUISA,3114,30
Entre Rios,8777,ALDEA SALTO,3101,30
Entre Rios,27827,ALDEA SAN ANTONIO,3117,30
Entre Rios,20550,ALDEA SAN GREGORIO,3287,30
Entre Rios,9172,ALBERTO GERCHUNOFF,3170,30
Entre Rios,17374,KILOMETRO 305,3265,30
Entre Rios,8853,FEDERAL,3180,30
Entre Rios,18795,FEBRE,3151,30
Entre Rios,8676,FABRICA COLON,3281,30
Entre Rios,19227,ESTANCIA SAN JUAN,3190,30
Entre Rios,18373,ESTANCIA SALINAS,3229,30
Entre Rios,20236,ESTANCIA LOS VASCOS,3272,30
Entre Rios,27753,ESTANCIA GRANDE,3201,30
Entre Rios,20227,ESTANCIA COLONIA SANTA JUANA,3272,30
Entre Rios,20218,ESTANCIA COLONIA SAN PEDRO,3272,30
Entre Rios,9171,ACHIRAS,3246,30
Entre Rios,19841,ESTANCIA LA GAMA,3138,30
Entre Rios,19393,ALDEA SAN MIGUEL,3116,30
Entre Rios,27840,ARROYO CLE,2841,30
Entre Rios,27845,ARROYO CORRALITO,3122,30
Entre Rios,8845,ARROYO DEL MEDIO,3144,30
Entre Rios,17125,ARROYO GRANDE,3203,30
Entre Rios,17629,ARROYO HONDO,3216,30
Entre Rios,18691,ARROYO IBICUYCITO,2805,30
Entre Rios,17631,ARROYO LA VIRGEN,3212,30
Entre Rios,18699,ARROYO LOS PLATOS,2805,30
Entre Rios,27847,ARROYO MATURRANGO,3133,30
Entre Rios,17632,ARROYO MOREIRA,3181,30
Entre Rios,20451,ARROYO JACINTO,3101,30
Entre Rios,17099,ARROYO CARABALLO,3265,30
Entre Rios,18650,ALDEA SANTA CELIA,2826,30
Entre Rios,19396,ALDEA SANTA MARIA,3123,30
Entre Rios,18182,ALDEA SANTAFECINA,3103,30
Entre Rios,8779,ALDEA VALLE MARIA,3101,30
Entre Rios,9078,ALMACEN CRISTIAN SCHUBERT,3111,30
Entre Rios,19410,ALMIRANTE IGLESIAS,3150,30
Entre Rios,19025,ANAHI,2846,30
Entre Rios,20057,ANTONIO TOMAS,3125,30
Entre Rios,9045,ARANGUREN,3162,30
Entre Rios,18655,ARROYO BRASILERO,2805,30
Entre Rios,20072,ALTAMIRANO NORTE,3177,30
Entre Rios,8879,ALBARDON,2840,30
Entre Rios,19537,KILOMETRO 148,3151,30
Entre Rios,19876,KILOMETRO 131,3118,30
Entre Rios,20265,KILOMETRO 115,3260,30
Entre Rios,20262,KILOMETRO 112,3260,30
Entre Rios,20257,KILOMETRO 108,3260,30
Entre Rios,9286,JUBILEO,3254,30
Entre Rios,8735,JUAN B MONTI,3201,30
Entre Rios,8734,ISTHILART,3204,30
Entre Rios,27754,ISLETAS,3164,30
Entre Rios,19229,ISLAS ALCARAZ,3190,30
Entre Rios,18380,FLORIDA,3229,30
Entre Rios,20107,KILOMETRO 189,3174,30
Entre Rios,18598,KILOMETRO 290,2841,30
Entre Rios,20636,KILOMETRO 285,3240,30
Entre Rios,20297,KILOMETRO 283,3263,30
Entre Rios,20628,KILOMETRO 279,3240,30
Entre Rios,8678,ISLA SAN JOSE,3287,30
Entre Rios,17369,KILOMETRO 25,3177,30
Entre Rios,20274,KILOMETRO 242,3272,30
Entre Rios,20271,KILOMETRO 231,3170,30
Entre Rios,20268,KILOMETRO 208,3172,30
Entre Rios,20108,KILOMETRO 192,3174,30
Entre Rios,19866,ISLA LYNCH,3100,30
Entre Rios,9243,ISLA EL PILLO,3101,30
Entre Rios,8890,GONZALEZ CALDERON,2841,30
Entre Rios,20242,GOBERNADOR URQUIZA,3248,30
Entre Rios,9164,GOBERNADOR MANSILLA,2845,30
Entre Rios,9163,GOBERNADOR ECHAGUE,2845,30
Entre Rios,20249,GRUPO PARRERO,3244,30
Entre Rios,9111,GENERAL RACEDO,3122,30
Entre Rios,8732,GENERAL CAMPOS,3216,30
Entre Rios,8929,GENERAL ALMADA,2824,30
Entre Rios,18383,FRONTERAS,3185,30
Entre Rios,19228,ISLA LA PAZ,3190,30
Entre Rios,8891,GUALEGUAY,2840,30
Entre Rios,8934,ISLA DEL IBICUY,2823,30
Entre Rios,8931,GUALEGUAYCHU,2820,30
Entre Rios,9016,ISLA CURUZU CHALI,3190,30
Entre Rios,9285,ING MIGUEL SAJAROFF,3246,30
Entre Rios,8893,HOJAS ANCHAS,2840,30
Entre Rios,9242,HINOJAL,3162,30
Entre Rios,9211,HERRERA,3272,30
Entre Rios,8733,HERVIDERO,3201,30
Entre Rios,8831,GUAYAQUIL,3206,30
Entre Rios,8892,GUALEYAN,2821,30
Entre Rios,9059,HERNANDEZ,3156,30
