San Luis,21335,PISCOYACO,5775,74
San Luis,15212,PLACILLA,6277,74
San Luis,21365,PLUMERITO,5637,74
San Luis,15213,POLLEDO,6216,74
San Luis,15480,POZO DEL CARRIL,5703,74
San Luis,14965,PORVENIR,5835,74
San Luis,21599,POSTA DEL PORTEZUELO,5705,74
San Luis,15392,POZO DE LAS RAICES,5777,74
San Luis,14782,POZO DE LOS RAYOS,5705,74
San Luis,14881,PORTEZUELO,5719,74
San Luis,15070,PASO JUAN GOMEZ,5701,74
San Luis,15210,PASO DE LOS GAUCHOS,6216,74
San Luis,14882,POZO DEL ESPINILLO,5703,74
San Luis,15387,PASO DEL MEDIO,5711,74
San Luis,15637,PASO GRANDE,5753,74
San Luis,14777,PASTAL,5707,74
San Luis,15307,PEDERNERA,5730,74
San Luis,14779,PEÃ‘ON COLORADO,5707,74
San Luis,15388,PICOS YACU,5777,74
San Luis,15389,PIEDRA BLANCA,5881,74
San Luis,15639,PIEDRA LARGA,5753,74
San Luis,15641,PIEDRA SOLA,5753,74
San Luis,15393,POZO DEL MEDIO,5715,74
San Luis,14883,POZO DEL TALA,5703,74
San Luis,14968,PUNTA DEL ALTO,5773,74
San Luis,21488,PUNTOS DE AGUA,5721,74
San Luis,14790,QUEBRACHITO,5713,74
San Luis,15648,QUEBRADA DE LA MORA,5755,74
San Luis,14884,PUNTA DE LA SIERRA,5719,74
San Luis,14791,QUINES,5711,74
San Luis,14793,RAMBLONES,5705,74
San Luis,15311,REAL,5831,74
San Luis,21489,REFORMA CHICA,5724,74
San Luis,14885,RECREO,5719,74
San Luis,14967,PUNTA DE LA LOMA,5773,74
San Luis,14788,PUESTO ROBERTO,5713,74
San Luis,21566,POZO FRIO,5773,74
San Luis,15644,POZO SECO,5753,74
San Luis,15309,PRIMER AGUA,5831,74
San Luis,21486,PUENTE LA ORQUETA,5721,74
San Luis,21487,PUERTA DE LA ISLA,5721,74
San Luis,21306,PUERTO ALEGRE,5719,74
San Luis,15647,PUESTITO,5753,74
San Luis,21433,PUESTO BELLA VISTA,5730,74
San Luis,14785,PUESTO DE TABARES,5711,74
San Luis,14786,PUESTO PAMPA INVERNADA,5705,74
San Luis,14783,POZO DEL MOLLE,5707,74
San Luis,14877,LOS TELARIOS,5719,74
San Luis,15056,MANANTIAL GRANDE,5751,74
San Luis,14878,MANANTIALES,5703,74
San Luis,14770,MARAVILLA,5705,74
San Luis,15303,MARLITO,5730,74
San Luis,15201,MARTIN DE LOYOLA,6279,74
San Luis,21481,MATACO,5724,74
San Luis,21428,MEDANO GRANDE,5730,74
San Luis,15631,MEDIA LUNA,5755,74
San Luis,15202,MILAGRO,6216,74
San Luis,14958,MINA LOS CONDORES,5770,74
San Luis,14771,MEDANO BELLO,5713,74
San Luis,15629,MANANTIAL BLANCO,5701,74
San Luis,14767,LOS PEJES,5709,74
San Luis,15378,LOS PEROS,5777,74
San Luis,15302,LOS POZOS,5738,74
San Luis,15465,LOS PUQUIOS,5701,74
San Luis,14875,LOS RAMBLONES,5703,74
San Luis,21559,LOS SAUCES,5753,74
San Luis,14876,LOS TALAS,5719,74
San Luis,15466,LOS TAMARIÃ‘OS,5724,74
San Luis,15380,LOS TIGRES,5777,74
San Luis,14768,LUJAN,5709,74
San Luis,14769,MANANTIAL,5709,74
San Luis,15474,PASO DE LAS TOSCAS,5721,74
San Luis,15203,MONTE COCHEQUINGAN,6216,74
San Luis,21482,PALOMAR,5724,74
San Luis,21536,PAMPA DE LOS GOBERNADORES,5701,74
San Luis,15064,PAMPA DEL TAMBORERO,5701,74
San Luis,15635,PAMPA GRANDE,5771,74
San Luis,15471,PAJE,5721,74
San Luis,15066,PANTANILLOS,5701,74
San Luis,14880,PARAISO,5703,74
San Luis,15067,PASO DE CUERO,5701,74
San Luis,21483,PASO DE LA TIERRA,5721,74
San Luis,15473,PASO DE LAS SALINAS,5721,74
San Luis,21535,PAINES,5736,74
San Luis,15384,OJO DEL RIO,5777,74
San Luis,15468,MOSMOTA,5721,74
San Luis,21304,MOYARCITO,5719,74
San Luis,15383,NARANJO,5711,74
San Luis,15205,NAVIA,6279,74
San Luis,15206,NILINAST,6277,74
San Luis,15470,NOGOLI,5703,74
San Luis,21356,NUEVA CONSTITUCION,5636,74
San Luis,15207,NUEVA ESPERANZA,6279,74
San Luis,15209,Ã‘URILAY,6279,74
San Luis,21534,OJO DE AGUA,5750,74
San Luis,15061,MONTE CHIQUITO,5701,74
San Luis,21369,USIYAL,5637,74
San Luis,15664,SAUCE,5753,74
San Luis,14977,SELCI,5773,74
San Luis,14813,SOCOSCORA,5705,74
San Luis,15665,SOL DE ABRIL SAN MARTIN,5701,74
San Luis,21546,SOLOLOSTA,5750,74
San Luis,15666,TALA VERDE,5771,74
San Luis,21496,TAMASCANES,5721,74
San Luis,15324,TASTO,5731,74
San Luis,14815,TEMERARIA,5707,74
San Luis,14816,TINTITACO,5705,74
San Luis,15667,TALARCITO,5701,74
San Luis,14811,SANTO DOMINGO,5707,74
San Luis,15082,SANTA ISABEL,5750,74
San Luis,15400,SANTA LUCIA,5715,74
San Luis,15401,SANTA LUCINDA,5715,74
San Luis,21569,SANTA MARIA,5773,74
San Luis,14975,SANTA MARTINA,5770,74
San Luis,15498,SANTA ROSA,5719,74
San Luis,21310,SANTA ROSA DEL CHIPISCU,5719,74
San Luis,14809,SANTA RUFINA,5709,74
San Luis,21494,SANTA TERESA,5700,74
San Luis,21358,SANTA TERESA,6279,74
San Luis,21311,SANTA VICTORIA,5707,74
San Luis,21492,SANTA ISABEL,5721,74
San Luis,21366,TOSCAL,5636,74
San Luis,15671,VILLA DE PRAGA,5753,74
San Luis,14982,VILLA DOLORES,5770,74
San Luis,14902,VILLA GENERAL ROCA,5703,74
San Luis,15404,VILLA LUISA,5871,74
San Luis,21570,VIEJA ESTANCIA,5773,74
San Luis,15090,VIRARCO,5701,74
San Luis,14818,VISTA ALEGRE,5707,74
San Luis,15232,VIVA LA PATRIA,6279,74
San Luis,14985,VOLCAN ESTANZUELA,5835,74
San Luis,15054,LOS PASITOS,5701,74
San Luis,15670,VENTA DE LOS RIOS,5753,74
San Luis,15089,VALLECITO,5701,74
San Luis,15668,TOTORAL,5771,74
San Luis,21497,TRANSVAL,5721,74
San Luis,14817,TRES CAÃ‘ADAS,5713,74
San Luis,15325,TRES ESQUINAS,5730,74
San Luis,21501,TRES MARIAS,5700,74
San Luis,15502,TUKIROS,5701,74
San Luis,15230,UNION,6216,74
San Luis,14980,USPARA,5835,74
San Luis,15088,VALLE DE LA PANCANTA,5701,74
San Luis,21340,VALLE SAN AGUSTIN,5775,74
San Luis,14898,TORO NEGRO,5703,74
San Luis,15322,SANTA FELISA,5831,74
San Luis,14891,SAN ANTONIO,5719,74
San Luis,15488,SAN ANTONIO,5724,74
San Luis,21337,SAN ANTONIO,5835,74
San Luis,21436,SAN CAMILO,5743,74
San Luis,14797,SAN CELESTINO,5713,74
San Luis,14972,SAN FELIPE,5759,74
San Luis,15490,SAN GERONIMO,5719,74
San Luis,15077,SAN GREGORIO,5751,74
San Luis,14892,SAN ISIDRO,5719,74
San Luis,15655,SAN ISIDRO,5771,74
San Luis,15653,SAN FERNANDO,5753,74
San Luis,14890,SAN AGUSTIN,5719,74
San Luis,21447,REPRESA DEL MONTE,5711,74
San Luis,14970,RETAZO DEL MONTE,5759,74
San Luis,21545,RIECITO,5750,74
San Luis,15397,RINCON DEL ESTE,5881,74
San Luis,14794,RIO JUAN GOMEZ,5705,74
San Luis,14971,RIOJITA,5773,74
San Luis,14888,ROMANCE,5719,74
San Luis,14889,RUMIGUASI,5703,74
San Luis,15075,SALADO,5755,74
San Luis,14796,SALINAS,5713,74
San Luis,15486,SALITRAL,5721,74
San Luis,21491,SANTA DIONISIA,5722,74
San Luis,14893,SAN JOSE,5703,74
San Luis,15318,SAN RAMON,5730,74
San Luis,21338,SAN RAMON SUD,5775,74
San Luis,14802,SAN ROQUE,5703,74
San Luis,14803,SAN RUFINO,5707,74
San Luis,15661,SAN RAFAEL,5753,74
San Luis,14806,SANTA ANA,5719,74
San Luis,14805,SANTA ANA QUINES,5711,74
San Luis,15222,SANTA CECILIA,6279,74
San Luis,14807,SANTA CLARA,5711,74
San Luis,21539,SANTA CLARA,5751,74
San Luis,15316,SAN PEDRO,5831,74
San Luis,14894,SAN PEDRO,5719,74
San Luis,15656,SAN JOSE,5753,74
San Luis,15079,SAN JOSE DE LOS CHAÃ‘ARES,5701,74
San Luis,27743,SAN JOSE DEL MORRO,5731,74
San Luis,15314,SAN JUAN DE TASTU,5731,74
San Luis,21538,SAN LORENZO,5757,74
San Luis,14799,SAN MARTIN,5713,74
San Luis,15658,SAN MARTIN,5755,74
San Luis,14800,SAN MIGUEL,5711,74
San Luis,15398,SAN MIGUEL,5883,74
San Luis,14973,SAN PABLO,5773,74
San Luis,15219,SAN JORGE,6216,74
San Luis,14963,PIEDRAS CHATAS,5759,74
San Luis,21460,EL NEGRO,5724,74
San Luis,15255,EL MORRO,5731,74
San Luis,21328,EL MOLLE,5719,74
San Luis,14714,EL MOLLAR,5713,74
San Luis,15430,EL MILAGRO,5724,74
San Luis,15113,EL MARTILLO,6216,74
San Luis,15254,EL MANGRULLO,5738,74
San Luis,15428,EL LECHUZO,5724,74
San Luis,14711,EL INJERTO,5711,74
San Luis,14710,EL HORMIGUERO,5713,74
San Luis,21345,EL ESPINILLO,6279,74
San Luis,14709,EL ESPINILLO,5703,74
San Luis,15550,EL MANANTIAL ESCONDIDO,5701,74
San Luis,15552,EL PAJARETE,5753,74
San Luis,15560,EL PUERTO,5753,74
San Luis,15559,EL PROGRESO,5753,74
San Luis,14719,EL POTRERO DE LEYES,5703,74
San Luis,15116,EL PORVENIR,6216,74
San Luis,15014,EL PORTEZUELO,5750,74
San Luis,14924,EL POLEO,5770,74
San Luis,21360,EL PLUMERITO,5637,74
San Luis,14717,EL PIMPOLLO,5717,74
San Luis,15115,EL PICHE,6279,74
San Luis,14836,EL PEDERNAL,5719,74
San Luis,15257,EL PASAJERO,5731,74
San Luis,14835,EL PARAISO,5703,74
San Luis,21540,EL PANTANO,5753,74
San Luis,14720,EL PUESTITO,5713,74
San Luis,15548,EL CONDOR,5753,74
San Luis,14832,EL BAGUAL,5703,74
San Luis,15010,EL ARENAL,5701,74
San Luis,14703,EL ALTO,5715,74
San Luis,15109,EL AGUILA,6279,74
San Luis,15542,DURAZNITO,5773,74
San Luis,14833,EL BALDE,5703,74
San Luis,14831,DIVISADERO,5703,74
San Luis,27908,DESAGUADERO,5724,74
San Luis,15539,CUEVA DE TIGRE,5755,74
San Luis,21331,CUATRO ESQUINAS,5773,74
San Luis,15007,CRUZ DE PIEDRA,5701,74
San Luis,15538,CRUZ BRILLANTE,5753,74
San Luis,15544,EL BALDECITO,5753,74
San Luis,14920,EL BAÃ‘ADO,5770,74
San Luis,15427,EL CHORRILLO,5701,74
San Luis,21293,EL CHARABON,5719,74
San Luis,15251,EL CHAÃ‘AR,5730,74
San Luis,15425,EL CHAÃ‘AR,5703,74
San Luis,15547,EL CERRITO,5753,74
San Luis,14922,EL CAVADO,5770,74
San Luis,14707,EL CARMEN,5719,74
San Luis,15110,EL CAMPAMENTO,6216,74
San Luis,21398,EL CALDEN,5741,74
San Luis,14706,EL CALDEN,5711,74
San Luis,15545,EL BURRITO,5753,74
San Luis,15346,EL BARRIAL,5715,74
San Luis,15549,EL CORO,5753,74
San Luis,14721,EL PUESTO,5711,74
San Luis,21415,ESTANCIA SAN FRANCISCO,5730,74
San Luis,21413,ESTANCIA SAN ALBERTO,5730,74
San Luis,21412,ESTANCIA LOS NOGALES,5730,74
San Luis,21410,ESTANCIA LAS BEBIDAS,5730,74
San Luis,21297,ESTANCIA LA UNION,5711,74
San Luis,21407,ESTANCIA LA MORENA,5731,74
San Luis,21405,ESTANCIA LA GUILLERMINA,5731,74
San Luis,15021,ESTANCIA GRANDE,5701,74
San Luis,21521,ESTANCIA EL SALADO,5750,74
San Luis,21319,ESTANCIA EL MEDANO,5719,74
San Luis,21399,ESTANCIA EL CHAMICO,5730,74
San Luis,15123,ESTANCIA 30 DE OCTUBRE,6279,74
San Luis,21404,ESTANCIA LA GUARDIA,5730,74
San Luis,14933,ESTANZUELA,5831,74
San Luis,14935,HUCHISSON,5759,74
San Luis,15575,HORNITO,5753,74
San Luis,15574,HINOJOS,5753,74
San Luis,15573,GUZMAN,5773,74
San Luis,15572,GUANACO PAMPA,5771,74
San Luis,21298,GUALTARAN,5719,74
San Luis,15438,GORGONTA,5721,74
San Luis,14842,GIGANTE,5719,74
San Luis,15261,GENERAL PEDERNERA,5738,74
San Luis,15022,FRAGA,5736,74
San Luis,15126,FORTUNA,6216,74
San Luis,15125,FORTIN EL PATRIA,6279,74
San Luis,14934,FENOGLIO,5770,74
San Luis,15561,EL PUESTO,5755,74
San Luis,14726,ENTRE RIOS,5711,74
San Luis,14928,EL SAUCE,5770,74
San Luis,15564,EL SALVADOR,5771,74
San Luis,14838,EL SALTO,5703,74
San Luis,15563,EL SALADO,5753,74
San Luis,15016,EL ROSARIO,5750,74
San Luis,14723,EL SEMBRADO,5713,74
San Luis,15349,EL RINCON,5881,74
San Luis,14722,EL RINCON,5707,74
San Luis,21295,EL RETAMO,5711,74
San Luis,14926,EL RECUERDO,5883,74
San Luis,15117,EL QUINGUAL,6277,74
San Luis,21498,EL QUEBRACHO,5700,74
San Luis,15433,EL SOCORRO,5721,74
San Luis,21516,EL TALA,5701,74
San Luis,15019,EMBALSE LA FLORIDA,5701,74
San Luis,14725,EL ZAPALLAR,5711,74
San Luis,15122,EL YACATAN,6279,74
San Luis,15121,EL VERANO,6277,74
San Luis,15568,EL VALLECITO,5773,74
San Luis,15567,EL VALLE,5753,74
San Luis,15008,EL VALLE,5701,74
San Luis,14931,EL TOTORAL,5773,74
San Luis,15120,EL TORO MUERTO,6216,74
San Luis,15351,EL TEMBLEQUE,5715,74
San Luis,15565,EL TALITA,5753,74
San Luis,15434,EL TALITA,5701,74
San Luis,14840,ESPINILLO,5703,74
San Luis,15248,CRAMER,5733,74
San Luis,14671,BALDE DE LEDESMA,5715,74
San Luis,14989,BALDE DE LA ISLA,5701,74
San Luis,14670,BALDE DE GUARDIA,5713,74
San Luis,21286,BALDE DE ESCUDERO,5715,74
San Luis,14667,BALDE DE ARRIBA,5707,74
San Luis,14666,BALDE AHUMADA,5713,74
San Luis,15330,BALDE,5883,74
San Luis,14905,BALCARCE,5883,74
San Luis,15513,BAJO LA LAGUNA,5753,74
San Luis,14827,BAJO DE LA CRUZ,5719,74
San Luis,15097,BAJADA NUEVA,6216,74
San Luis,15096,BAGUAL,6216,74
San Luis,15411,BALDE,5724,74
San Luis,14673,BALDE DE PUERTAS,5707,74
San Luis,14828,BEBIDA,5719,74
San Luis,15414,BEAZLEY,5721,74
San Luis,14687,BARZOLA,5707,74
San Luis,14686,BARRIALES,5707,74
San Luis,15412,BARRANCA COLORADA,5703,74
San Luis,14684,BANDA SUD,5705,74
San Luis,15335,BAÃ‘ADO DE CAUTANA,5711,74
San Luis,21288,BAÃ‘ADITO VIEJO,5709,74
San Luis,14681,BALDECITO LA PAMPA,5707,74
San Luis,14679,BALDE VIEJO,5711,74
San Luis,14677,BALDE HONDO,5705,74
San Luis,21316,BALDE DEL ROSARIO,5703,74
San Luis,14675,BALDE DE TORRES,5713,74
San Luis,21289,BECERRA,5711,74
San Luis,15095,ARIZONA,6389,74
San Luis,14821,ALAZANAS,5719,74
San Luis,21314,AHI VEREMOS,5703,74
San Luis,21285,AGUADITAS,5707,74
San Luis,21389,AGUADA,5831,74
San Luis,14986,AGUA SALADA,5751,74
San Luis,15234,ALFALAND,5731,74
San Luis,21432,AGUA DEL PORTEZUELO,5730,74
San Luis,15328,ADOLFO RODRIGUEZ SAA,5777,74
San Luis,21387,9 DE JULIO,5831,74
San Luis,14812,6 DE SEPTIEMBRE,5703,74
San Luis,21386,20 DE FEBRERO,5730,74
San Luis,15063,11 DE MAYO,5701,74
San Luis,14663,ALGARROBAL,5707,74
San Luis,14822,ALGARROBOS GRANDES,5719,74
San Luis,15509,ARBOLES BLANCOS,5771,74
San Luis,14664,ARBOL VERDE,5715,74
San Luis,14987,ANTIHUASI,5701,74
San Luis,15094,ANCHORENA,6389,74
San Luis,15235,ALTO VERDE,5741,74
San Luis,15409,ALTO PELADO,5721,74
San Luis,14904,ALTO LINDO,5883,74
San Luis,15408,ALTO GRANDE,5700,74
San Luis,21453,ALTO DEL VALLE,5721,74
San Luis,21452,ALTO DEL LEON,5722,74
San Luis,21451,ALTO BLANCO,5700,74
San Luis,14824,ALTILLO,5719,74
San Luis,15510,ARROYO DE VILCHES,5771,74
San Luis,14829,BELLA ESTANCIA,5719,74
San Luis,14912,CHILCAS,5777,74
San Luis,21292,CHARLONES,5719,74
San Luis,15244,CHANCARITA,5831,74
San Luis,14910,CHAÃ‘AR DE LA LEGUA,5773,74
San Luis,15531,CHACRITAS,5753,74
San Luis,21291,CHACRAS DEL CANTARO,5719,74
San Luis,21393,CHACRA LA PRIMAVERA,5730,74
San Luis,15002,CERRO VERDE,5750,74
San Luis,15242,CERRO NEGRO,5731,74
San Luis,15001,CERRO DE PIEDRA,5701,74
San Luis,15000,CERRO DE LA PILA,5750,74
San Luis,15241,CERRO BLANCO,5731,74
San Luis,15003,CERROS LARGOS,5701,74
San Luis,15004,CHIPICAL,5701,74
San Luis,21459,CORTADERAS,5700,74
San Luis,15534,CORRAL DEL TALA,5753,74
San Luis,14702,CORRAL DE PIEDRA,5709,74
San Luis,15247,CORONEL ALZOGARAY,5730,74
San Luis,15533,CONSUELO,5753,74
San Luis,14913,CONCARAN,5770,74
San Luis,15107,COLONIA URDANIZ,6216,74
San Luis,15246,COLONIA LUNA,5738,74
San Luis,15105,COLONIA EL CAMPAMENTO,6216,74
San Luis,15245,COLONIA BELLA VISTA,5735,74
San Luis,15102,COCHENELOS,6277,74
San Luis,15532,CHUTUNSA,5753,74
San Luis,15420,CHISCHACA,5721,74
San Luis,14688,BELLA VISTA,5705,74
San Luis,15528,CERRITO,5753,74
San Luis,15339,CAÃ‘ADA DE LA NEGRA,5777,74
San Luis,15518,CAÃ‘ADA BLANCA,5753,74
San Luis,15517,CAÃ‘ADA,5773,74
San Luis,15416,CAÃ‘A LARGA,5721,74
San Luis,14690,CAMPANARIO,5705,74
San Luis,15520,CAÃ‘ADA DE LOS TIGRES,5771,74
San Luis,15516,CAIN DE LOS TIGRES,5771,74
San Luis,14991,BUENA VISTA,5701,74
San Luis,15100,BUENA ESPERANZA,6277,74
San Luis,15238,BOCA DEL RIO,5831,74
San Luis,15099,BILLIKEN,6216,74
San Luis,14906,BELLA VISTA,5835,74
San Luis,14830,CAÃ‘ADA DE VILAN,5719,74
San Luis,15521,CAÃ‘ADA DEL PUESTITO,5753,74
San Luis,14696,CEBOLLAR,5709,74
San Luis,14998,CASAS VIEJAS,5750,74
San Luis,14997,CASA DE PIEDRA,5701,74
San Luis,15343,CARPINTERIA,5883,74
San Luis,14695,CARMELO,5707,74
San Luis,14995,CANTERAS SANTA ISABEL,5750,74
San Luis,15525,CAÃ‘ITAS,5773,74
San Luis,15524,CAÃ‘ADITAS,5755,74
San Luis,21510,CAÃ‘ADA SAN ANTONIO,5750,74
San Luis,14692,CAÃ‘ADA QUEMADA,5709,74
San Luis,15341,CAÃ‘ADA LA NEGRA,5881,74
San Luis,14993,CAÃ‘ADA HONDA,5701,74
San Luis,15344,CERRITO BLANCO,5777,74
San Luis,21402,ESTANCIA EL QUEBRACHAL,5730,74
San Luis,15445,LA CAÃ‘ADA,5721,74
San Luis,14847,LA CALERA,5719,74
San Luis,15032,LA CALAGUALA,5701,74
San Luis,21465,LA BREA,5724,74
San Luis,15443,LA BONITA,5721,74
San Luis,15134,LA BOLIVIA,6279,74
San Luis,14729,LA BAVA,5705,74
San Luis,15031,LA BAJADA,5701,74
San Luis,14937,LA AURORA,5835,74
San Luis,21523,LA ATALAYA,5750,74
San Luis,15270,LA BERTITA,5731,74
San Luis,15271,LA CAÃ‘ADA,5831,74
San Luis,21525,LA DELIA,5722,74
San Luis,21550,LA CRUCESITA,5773,74
San Luis,21467,LA COSTA,5721,74
San Luis,14849,LA CORINA,5703,74
San Luis,21349,LA COLONIA,6216,74
San Luis,14731,LA COLONIA,5713,74
San Luis,15582,LA CIENAGA,5701,74
San Luis,15359,LA CHILCA,5779,74
San Luis,21348,LA CHERINDU,6216,74
San Luis,21442,LA CELIA,5873,74
San Luis,15136,LA COLINA,6269,74
San Luis,15030,LA ARBOLEDA,5751,74
San Luis,15355,ISLITAS,5715,74
San Luis,15026,ISLA,5701,74
San Luis,15025,INTIHUASI,5701,74
San Luis,21421,LA PALMIRA,5741,74
San Luis,14738,LA PATRIA,5707,74
San Luis,15448,LA PEREGRINA,5721,74
San Luis,14740,LA PORFIA,5705,74
San Luis,14741,LA PRIMAVERA,5719,74
San Luis,21528,LA PROVIDENCIA,5750,74
San Luis,15310,LA PUNILLA,5831,74
San Luis,15039,LA PETRA,5751,74
San Luis,15264,JUAN JORBA,5731,74
San Luis,15269,LA ANGELINA,5731,74
San Luis,15130,LA AMALIA,6279,74
San Luis,15357,LA ALEGRIA,5871,74
San Luis,15028,LA ALAMEDA,5750,74
San Luis,15577,LA AGUEDA,5753,74
San Luis,15268,LA AGUADA,5831,74
San Luis,14845,LA AGUADA,5719,74
San Luis,21463,LA AGUA NUEVA,5721,74
San Luis,15267,KILOMETRO 656,5738,74
San Luis,21416,JUANTE,5731,74
San Luis,21462,JUAN W GEZ,5722,74
San Luis,21321,LA QUEBRADA,5703,74
San Luis,21468,LA DULCE,5721,74
San Luis,15161,LA LAURA,6279,74
San Luis,14859,LA JULIA,5703,74
San Luis,21299,LA JUANITA,5719,74
San Luis,21420,LA JOSEFINA,5741,74
San Luis,21471,LA NELIDA,5700,74
San Luis,15280,LA JAVIERA,5731,74
San Luis,21419,LA ISABEL,5743,74
San Luis,15156,LA INVERNADA,6277,74
San Luis,15592,LA HUERTITA,5755,74
San Luis,15155,LA HORTENSIA,6279,74
San Luis,15154,LA HOLANDA,6216,74
San Luis,15361,LA LINEA,5711,74
San Luis,21552,LA MINA,5755,74
San Luis,21300,LA MERCED,5719,74
San Luis,14736,LA MEDULA,5713,74
San Luis,15170,LA MASCOTA,6216,74
San Luis,15162,LA LINDA,6216,74
San Luis,15167,LA MARIA ESTHER,6279,74
San Luis,15166,LA MARGARITA CARLOTA,6216,74
San Luis,15164,LA MARAVILLA,6216,74
San Luis,15281,LA MAGDALENA,5738,74
San Luis,15362,LA LOMA,5871,74
San Luis,15037,LA HIGUERITA,5701,74
San Luis,15277,LA GUARDIA,5759,74
San Luis,21469,LA ESPESURA,5700,74
San Luis,15586,LA ESPERANZA,5753,74
San Luis,15145,LA ESMERALDA,6277,74
San Luis,21332,LA ESCONDIDA,5775,74
San Luis,15587,LA ESQUINA,5753,74
San Luis,15142,LA EMMA,6216,74
San Luis,14939,LA ELVIRA,5773,74
San Luis,21417,LA ELISA,5741,74
San Luis,15141,LA ELENITA,6216,74
San Luis,15139,LA DULCE,6277,74
San Luis,27742,LA ESQUINA,5759,74
San Luis,15589,LA ESTANCIA,5753,74
San Luis,15153,LA GITANA,6216,74
San Luis,15151,LA GAVIOTA,6216,74
San Luis,15276,LA GARRAPATA,5738,74
San Luis,15036,LA FRAGUA,5750,74
San Luis,15590,LA FLORIDA,5773,74
San Luis,14733,LA FLORIDA,5711,74
San Luis,21418,LA FLECHA,5741,74
San Luis,15149,LA FELISA,6279,74
San Luis,15148,LA ETHEL,6277,74
San Luis,14854,LA ESTRELLA,5719,74
San Luis,14850,LA DUDA,5703,74
San Luis,15594,LA RAMADA,5753,74
San Luis,15598,LAS VERTIENTES,5701,74
San Luis,15191,LAURA ELISA,6279,74
San Luis,14760,LEANDRO N ALEM,5703,74
San Luis,21478,LINCE,5722,74
San Luis,21531,LOMA DEL MEDIO,5750,74
San Luis,27740,LOMAS BLANCAS,5719,74
San Luis,14867,LONGARI,5703,74
San Luis,15615,LOS ALAMOS,5753,74
San Luis,15373,LOS ALGARROBITOS,5715,74
San Luis,15616,LOS ALGARROBOS,5753,74
San Luis,14762,LOMAS BLANCAS,5731,74
San Luis,15294,LAS TOTORITAS,5738,74
San Luis,15612,LAS LOMAS,5753,74
San Luis,15189,LAS MARTINETAS,6216,74
San Luis,14754,LAS MESIAS,5707,74
San Luis,14945,LAS NIEVES,5770,74
San Luis,14755,LAS PALOMAS,5715,74
San Luis,14756,LAS PAMPITAS,5707,74
San Luis,15369,LAS PLAYAS,5711,74
San Luis,15293,LAS PRADERAS,5731,74
San Luis,21556,LAS RAICES,5773,74
San Luis,15048,LAS ROSAS,5750,74
San Luis,15047,LAS PEÃ‘AS,5750,74
San Luis,15374,LOS ARGUELLOS,5777,74
San Luis,15620,LOS DURAZNITOS,5773,74
San Luis,14950,LOS ESPINILLOS,5883,74
San Luis,15621,LOS HINOJOS,5753,74
San Luis,15464,LOS JAGUELES,5724,74
San Luis,15623,LOS LOBOS,5771,74
San Luis,15197,LOS LOBOS,6216,74
San Luis,15301,LOS MEDANOS,5738,74
San Luis,14766,LOS MENDOCINOS,5707,74
San Luis,14874,LOS MOLLES,5703,74
San Luis,15624,LOS MOLLES,5753,74
San Luis,14951,LOS MANANTIALES,5773,74
San Luis,14949,LOS CUADROS,5835,74
San Luis,15192,LOS BARRIALES,6216,74
San Luis,15050,LOS CARRICITOS,5701,74
San Luis,15462,LOS CERRILLOS,5721,74
San Luis,15298,LOS CESARES,5738,74
San Luis,15376,LOS CHAÃ‘ARES,5777,74
San Luis,15193,LOS CHAÃ‘ARES,6279,74
San Luis,14873,LOS CHANCAROS,5719,74
San Luis,15299,LOS CISNES,5731,74
San Luis,15617,LOS COMEDEROS,5753,74
San Luis,15618,LOS CONDORES,5773,74
San Luis,15619,LOS CORRALES,5753,74
San Luis,15611,LAS LAJAS,5753,74
San Luis,14753,LAS LAGUNITAS,5707,74
San Luis,15180,LA TIGRA,6216,74
San Luis,15452,LA TOSCA,5721,74
San Luis,15042,LA TOTORA,5751,74
San Luis,14747,LA TRANCA,5421,74
San Luis,14746,LA SIRENA,5713,74
San Luis,15597,LA ULBARA,5753,74
San Luis,15364,LA UNION,5711,74
San Luis,15182,LA URUGUAYA,6216,74
San Luis,15288,LA VENECIA,5735,74
San Luis,15184,LA VERDE,6389,74
San Luis,14749,LA VERTIENTE,5711,74
San Luis,15451,LA SEÃ‘A,5721,74
San Luis,21472,LA REFORMA,5724,74
San Luis,15449,LA REPRESA,5721,74
San Luis,21301,LA REPRESITA,5711,74
San Luis,15176,LA RESERVA,6279,74
San Luis,14861,LA SERRANA,5703,74
San Luis,14942,LA RIOJITA,5773,74
San Luis,15178,LA ROSINA,6277,74
San Luis,21322,LA SALUD,5703,74
San Luis,14860,LA SANDIA,5703,74
San Luis,15450,LA SELVA,5724,74
San Luis,15283,LA NEGRA,5730,74
San Luis,15365,LAFINUR,5871,74
San Luis,21444,LAS CHILCAS,5777,74
San Luis,21302,LAS CLARITAS,5711,74
San Luis,15186,LAS CORTADERAS,6216,74
San Luis,15290,LAS ENCADENADAS,5738,74
San Luis,15606,LAS CHACRAS DE SAN MARTIN,5755,74
San Luis,15458,LAS GAMAS,5721,74
San Luis,21530,LAS HIGUERAS,5722,74
San Luis,27739,LAS ISLETAS,5730,74
San Luis,14752,LAS LAGUNAS,5719,74
San Luis,15188,LAS LAGUNAS,6216,74
San Luis,14863,LA YESERA,5719,74
San Luis,21363,LAS CARRETAS,6279,74
San Luis,21425,LAGUNA CAPELEN,5741,74
San Luis,15600,LAGUNA DE LOS PATOS,5773,74
San Luis,15601,LAGUNA LARGA,5753,74
San Luis,15455,LAGUNA SECA,5724,74
San Luis,15185,LAS AROMAS,6277,74
San Luis,14750,LAS BAJADAS,5713,74
San Luis,15044,LAS BARRANQUITAS,5701,74
San Luis,15367,LAS CABRAS,5715,74
San Luis,21474,LAS CAÃ‘ITAS,5722,74
San Luis,14864,LAS CARITAS,5703,74
San Luis,15456,LAS BARRANCAS,5719,74
