Santiago del Estero,26745,SANTA CATALINA,3064,86
Santiago del Estero,26063,SANTA BRIGIDA,4321,86
Santiago del Estero,27399,SANTA ANA,5251,86
Santiago del Estero,22001,SANTA ANA,4205,86
Santiago del Estero,26352,SANTA ANA,2354,86
Santiago del Estero,27247,SANSIOJ,4197,86
Santiago del Estero,27248,SANTA CRUZ,4197,86
Santiago del Estero,14207,SANTA CRUZ,4301,86
Santiago del Estero,25997,SANTA CRUZ,4322,86
Santiago del Estero,26184,SANTA ELENA,5250,86
Santiago del Estero,27252,SANTA FELISA,4197,86
Santiago del Estero,25855,SANTA ISABEL,4208,86
Santiago del Estero,26927,SANTA JUSTINA,3740,86
Santiago del Estero,26031,SANTA LUCIA,4319,86
Santiago del Estero,26752,SANTA CRUZ,4301,86
Santiago del Estero,27435,SAN VICENTE,4206,86
Santiago del Estero,21999,SAN RAMON,4205,86
Santiago del Estero,21029,SAN RAMON,4301,86
Santiago del Estero,22407,SAN RAMON,4322,86
Santiago del Estero,14521,SAN RAMON,4339,86
Santiago del Estero,26231,SAN RAMON,4353,86
Santiago del Estero,27395,SAN RAMON QUEBRACHOS,5255,86
Santiago del Estero,26845,SAN ROMANO,4233,86
Santiago del Estero,14370,SAN ROQUE,4301,86
Santiago del Estero,25996,SAN ROQUE,4322,86
Santiago del Estero,26232,SAN ROQUE,4353,86
Santiago del Estero,25950,SAN SALVADOR,4308,86
Santiago del Estero,26351,SAN SEBASTIAN,2354,86
Santiago del Estero,21951,SAN SIMON,4350,86
Santiago del Estero,14470,SAN VICENTE,4212,86
Santiago del Estero,14371,SAN VICENTE,4301,86
Santiago del Estero,27436,SANTA MARIA,4201,86
Santiago del Estero,14473,SANTA MARIA,4208,86
Santiago del Estero,22525,SAN AGUSTIN,4206,86
Santiago del Estero,21009,SAN AGUSTIN,2356,86
Santiago del Estero,27023,SALINAS,5250,86
Santiago del Estero,26903,SALDIVAR,3740,86
Santiago del Estero,25930,SALADILLO,4304,86
Santiago del Estero,26669,SALADILLO,3745,86
Santiago del Estero,14206,SACHAYOJ,3731,86
Santiago del Estero,26461,RUTA PROVINCIAL 8,4326,86
Santiago del Estero,26457,RUTA PROVINCIAL 40,4326,86
Santiago del Estero,26454,RUTA PROVINCIAL 130,4326,86
Santiago del Estero,26450,RUTA NACIONAL 34,4326,86
Santiago del Estero,27156,RUMIARCO,4415,86
Santiago del Estero,26061,RUMI JACO,4321,86
Santiago del Estero,14334,RUMI ESQUINA,4234,86
Santiago del Estero,22527,SAN ANDRES,4206,86
Santiago del Estero,26178,SAN ANDRES,5250,86
Santiago del Estero,25900,SANTA MARIA,4317,86
Santiago del Estero,21954,SANTA MARIA,4350,86
Santiago del Estero,26681,SANTA MARIA,4353,86
Santiago del Estero,27415,SANTA MARIA,5257,86
Santiago del Estero,26843,SANTA MARIA DTO FIGUEROA,4354,86
Santiago del Estero,14372,SANTA RITA,4301,86
Santiago del Estero,25998,SANTA RITA,4322,86
Santiago del Estero,26612,SANTA MARIA,4206,86
Santiago del Estero,22529,SAN BENITO,4206,86
Santiago del Estero,25895,SAN ANTONIO DE LOS CACERES,4317,86
Santiago del Estero,26813,SAN ANTONIO DE LAS FLORES,4233,86
Santiago del Estero,26912,SAN ANTONIO,4353,86
Santiago del Estero,26717,SAN ANTONIO,4326,86
Santiago del Estero,14421,SAN ANTONIO,4238,86
Santiago del Estero,27430,SAN ANTONIO,4201,86
Santiago del Estero,25923,SANTA ROSA,4197,86
Santiago del Estero,22475,SAN PEDRO,4324,86
Santiago del Estero,22533,SAN IGNACIO,4206,86
Santiago del Estero,25948,SAN IGNACIO,4308,86
Santiago del Estero,27805,SAN IGNACIO P BLANCA,5258,86
Santiago del Estero,22534,SAN ISIDRO,4201,86
Santiago del Estero,14464,SAN ISIDRO,4208,86
Santiago del Estero,21125,SAN ISIDRO,4326,86
Santiago del Estero,26225,SAN ISIDRO,4353,86
Santiago del Estero,26180,SAN ISIDRO,5255,86
Santiago del Estero,22399,SAN JAVIER,4322,86
Santiago del Estero,22303,SAN JAVIER,5253,86
Santiago del Estero,14465,SAN JERONIMO,4208,86
Santiago del Estero,26181,SAN JORGE,5250,86
Santiago del Estero,22380,SAN JOSE,2354,86
Santiago del Estero,26226,SAN JOSE,3740,86
Santiago del Estero,14335,SAN JOSE,4237,86
Santiago del Estero,14422,SAN JOSE,4238,86
Santiago del Estero,21057,SAN GREGORIO,4317,86
Santiago del Estero,26814,SAN CARLOS,4230,86
Santiago del Estero,25896,SAN CARLOS,4317,86
Santiago del Estero,26918,SAN CARLOS,4353,86
Santiago del Estero,25961,SAN CAYETANO,4322,86
Santiago del Estero,14579,SAN COSME,4225,86
Santiago del Estero,26815,SAN DELFIN,4233,86
Santiago del Estero,25897,SAN DIONISIO,4201,86
Santiago del Estero,21154,SAN FELIPE,4338,86
Santiago del Estero,26790,SAN FELIX,4187,86
Santiago del Estero,22438,SAN FERNANDO,4321,86
Santiago del Estero,26224,SAN FRANCISCO,4353,86
Santiago del Estero,26179,SAN FRANCISCO,5258,86
Santiago del Estero,21907,SAN GERMAN,3062,86
Santiago del Estero,14463,SAN GREGORIO,4208,86
Santiago del Estero,25947,SAN GUILLERMO,4308,86
Santiago del Estero,27698,SAN JOSE,4313,86
Santiago del Estero,27383,SAN MARTIN,5253,86
Santiago del Estero,26256,SAN MIGUEL,3741,86
Santiago del Estero,26835,SAN MIGUEL,4233,86
Santiago del Estero,26229,SAN NICOLAS,3740,86
Santiago del Estero,25813,SAN NICOLAS,4336,86
Santiago del Estero,26678,SAN NICOLAS,4353,86
Santiago del Estero,26062,SAN NICOLAS,5257,86
Santiago del Estero,14580,SAN PABLO,4220,86
Santiago del Estero,26468,SAN PABLO,4338,86
Santiago del Estero,25949,SAN PASCUAL,4308,86
Santiago del Estero,26838,SAN PATRICIO,4230,86
Santiago del Estero,26811,SAN PEDRO,4184,86
Santiago del Estero,14338,SAN PEDRO,4233,86
Santiago del Estero,21138,SAN PEDRO,4326,86
Santiago del Estero,25814,SAN PEDRO,4336,86
Santiago del Estero,25995,SAN MARTIN,4322,86
Santiago del Estero,14284,SAN MARTIN,4302,86
Santiago del Estero,14347,SAN JOSE DEL BOQUERON,4301,86
Santiago del Estero,26724,SAN JOSE ESTE,4324,86
Santiago del Estero,26733,SAN JUAN,3749,86
Santiago del Estero,14336,SAN JUAN,4233,86
Santiago del Estero,14282,SAN JUAN,4300,86
Santiago del Estero,14337,SAN JUANCITO,4233,86
Santiago del Estero,26589,SAN LORENZO,4203,86
Santiago del Estero,14424,SAN LORENZO,4238,86
Santiago del Estero,22259,SAN LORENZO,5250,86
Santiago del Estero,25854,SAN LUIS,4205,86
Santiago del Estero,14520,SAN LUIS,4301,86
Santiago del Estero,21127,SAN LUIS,4326,86
Santiago del Estero,26227,SAN LUIS,4353,86
Santiago del Estero,21997,SAN MANUEL,4205,86
Santiago del Estero,27434,SAN MARTIN,4201,86
Santiago del Estero,14280,RUBIA MORENO,4300,86
Santiago del Estero,22472,ROSIYULLOJ,4324,86
Santiago del Estero,25888,POZO GRANDE,4317,86
Santiago del Estero,27424,POZO GRANDE,4201,86
Santiago del Estero,26723,POZO DULCE,3062,86
Santiago del Estero,14518,POZO DEL SIMBOL,4301,86
Santiago del Estero,26055,POZO DEL MONTE,4321,86
Santiago del Estero,26169,POZO DEL GARABATO,5255,86
Santiago del Estero,22254,POZO DEL CHAÃ‘AR,5250,86
Santiago del Estero,26772,POZO DEL CAMPO,4233,86
Santiago del Estero,26168,POZO DEL ALGARROBO,5255,86
Santiago del Estero,25820,POZO COLORADO,3752,86
Santiago del Estero,25887,POZO CERCADO,4317,86
Santiago del Estero,27423,POZO CERCADO,4201,86
Santiago del Estero,22253,POZO CABADO,5250,86
Santiago del Estero,14414,POZO CABADO,4238,86
Santiago del Estero,27098,POZO GRANDE,5251,86
Santiago del Estero,27464,POZO HERRERA,3761,86
Santiago del Estero,26960,PUERTA CHIQUITA,4203,86
Santiago del Estero,26664,PUENTE NEGRO,4332,86
Santiago del Estero,27425,PUENTE DEL SALADO,4201,86
Santiago del Estero,27150,PUENTE BAJADA,4356,86
Santiago del Estero,22523,PUEBLO NUEVO,4206,86
Santiago del Estero,22147,PROVIRU,3740,86
Santiago del Estero,27323,PROGRESO DE JUME,5255,86
Santiago del Estero,27321,PRIMAVERA,5255,86
Santiago del Estero,27340,POZUELOS,4306,86
Santiago del Estero,22297,POZO VERDE,5253,86
Santiago del Estero,26394,POZO SALADO,3747,86
Santiago del Estero,26393,POZO MUERTO,3747,86
Santiago del Estero,27496,POZO MORO,4324,86
Santiago del Estero,22110,POZO LINDO,4184,86
Santiago del Estero,22109,POZO LERDO,4184,86
Santiago del Estero,26764,POZANCONES,4230,86
Santiago del Estero,14517,POTRERO BAJADA,4301,86
Santiago del Estero,27091,PASO REDUCIDO,5250,86
Santiago del Estero,26622,PASO GRANDE,4326,86
Santiago del Estero,27289,PASO DE OSCARES,5257,86
Santiago del Estero,26958,PARANA,4203,86
Santiago del Estero,22145,PARAJE VILLA YOLANDA,3740,86
Santiago del Estero,22142,PARAJE MILAGRO,3740,86
Santiago del Estero,22139,PARAJE LA PAMPA,3740,86
Santiago del Estero,27127,PARAJE GAUNA,3740,86
Santiago del Estero,27092,PARADA KILOMETRO 101,5250,86
Santiago del Estero,26215,PAMPA POZO,4353,86
Santiago del Estero,14412,PAMPA POZO,4238,86
Santiago del Estero,26905,PAMPA POZO,4205,86
Santiago del Estero,27116,PAMPA MUYOJ,4351,86
Santiago del Estero,26446,PAMPA MAYO,4336,86
Santiago del Estero,14571,PATILLO,4225,86
Santiago del Estero,27495,PENAL PROVINCIAL,4313,86
Santiago del Estero,22310,POSTA SANITARIA POCITOS,4220,86
Santiago del Estero,27311,PORTALIS,5257,86
Santiago del Estero,27069,PORONGOS,4308,86
Santiago del Estero,21992,PORONGAL,4230,86
Santiago del Estero,27296,POLVAREDAS,5257,86
Santiago del Estero,27330,POLEO POZO,4306,86
Santiago del Estero,27422,POCITOS,4201,86
Santiago del Estero,14332,PUERTA DE LAS PIEDRAS,4230,86
Santiago del Estero,26619,PIRHUAS,4353,86
Santiago del Estero,14181,PINTO  VILLA GENERAL MITRE,2356,86
Santiago del Estero,26416,PINEDA,4317,86
Santiago del Estero,25916,PIEDRA BUENA,4197,86
Santiago del Estero,27097,PIEDRA BLANCA,5258,86
Santiago del Estero,25829,PICOS DE AMOR,4452,86
Santiago del Estero,27494,PERCHIL BAJO,4313,86
Santiago del Estero,25853,PIRUITAS,4315,86
Santiago del Estero,27101,PUERTA DE LOS RIOS,5249,86
Santiago del Estero,21072,REPRESA,4328,86
Santiago del Estero,21943,REPECHO DIAZ,4350,86
Santiago del Estero,26550,REMES,4203,86
Santiago del Estero,27335,REMANSOS,5257,86
Santiago del Estero,26111,REMANSO,5251,86
Santiago del Estero,26219,REMANSITO,4353,86
Santiago del Estero,26423,REMANSITO,4317,86
Santiago del Estero,14226,REAL SAYANA,4334,86
Santiago del Estero,27221,RAPELLI,4189,86
Santiago del Estero,27333,RAMIREZ DE VELAZCO,5257,86
Santiago del Estero,26059,RAMI YACU,4321,86
Santiago del Estero,27427,RAMADITAS,4201,86
Santiago del Estero,26058,RAMADITA,4321,86
Santiago del Estero,26057,RAMA PASO,5257,86
Santiago del Estero,14278,QUITA PUNCO,4302,86
Santiago del Estero,26218,QUISÃ‘A LORO,4353,86
Santiago del Estero,26112,RETIRO,5251,86
Santiago del Estero,26114,ROSADA,5251,86
Santiago del Estero,25832,ROMA,4452,86
Santiago del Estero,25893,RODEO DE VALDEZ,4317,86
Santiago del Estero,25892,RODEO DE SORIA,4317,86
Santiago del Estero,21946,RODEO BAJADA,4350,86
Santiago del Estero,26789,RODEITO,4233,86
Santiago del Estero,27123,RIVADAVIA,4322,86
Santiago del Estero,27344,RIO VIEJO,5253,86
Santiago del Estero,26917,RIO NAMBI,4208,86
Santiago del Estero,27408,RIO DE GALLO,4354,86
Santiago del Estero,27154,RINCON ESPERANZA,4356,86
Santiago del Estero,26113,RINCON,5251,86
Santiago del Estero,14279,RINCON,4300,86
Santiago del Estero,26177,REY VIEJO,5250,86
Santiago del Estero,14205,RETIRO,4301,86
Santiago del Estero,14277,QUISHCA,4302,86
Santiago del Estero,26545,PUESTO NUEVO,4203,86
Santiago del Estero,26448,PUESTO LOS MARCOS,4336,86
Santiago del Estero,26419,PUESTO DEL ROSARIO,4313,86
Santiago del Estero,27326,PUESTO DEL MEDIO,5257,86
Santiago del Estero,26056,PUESTO DEL MEDIO,4321,86
Santiago del Estero,27870,PUESTO DEL MEDIO,4201,86
Santiago del Estero,27204,PUESTO DEL MEDIO,4197,86
Santiago del Estero,22030,PUESTO DEL MEDIO,3712,86
Santiago del Estero,26627,PUESTO DE MENA,4353,86
Santiago del Estero,14461,PUESTO DE JUANES,4208,86
Santiago del Estero,14417,PUESTO DE DIAZ,4238,86
Santiago del Estero,26172,PUESTO DE ARRIBA,5255,86
Santiago del Estero,26109,PUESTO,5251,86
Santiago del Estero,22524,PUESTITO DE SAN ANTONIO,4206,86
Santiago del Estero,22113,PUERTA GRANDE,4184,86
Santiago del Estero,25946,PUMITAYOJ,4308,86
Santiago del Estero,27151,PUNCO,4350,86
Santiago del Estero,27378,QUIMILI PASO,4321,86
Santiago del Estero,26869,QUILUMPA,3745,86
Santiago del Estero,26176,QUENTI TACO,5255,86
Santiago del Estero,27217,QUEBRADA ESQUINA,4197,86
Santiago del Estero,26784,QUEBRACHOS,4203,86
Santiago del Estero,25821,QUEBRACHO PINTADO,3752,86
Santiago del Estero,27210,QUEBRACHO COTO,4195,86
Santiago del Estero,21008,QUEBRACHITOS,2356,86
Santiago del Estero,14364,QUEBRACHAL,4301,86
Santiago del Estero,21122,PUNTA POZO,4326,86
Santiago del Estero,14575,PUNTA POZO,4225,86
Santiago del Estero,21005,PUNTA DEL GARABATO,2356,86
Santiago del Estero,26278,PUNTA DE RIELES,4351,86
Santiago del Estero,22300,PUNITA SUD,5253,86
Santiago del Estero,27465,PUNI TAJO,3760,86
Santiago del Estero,26623,SANTA ROSA,4206,86
Santiago del Estero,14289,SANTA ROSA,4302,86
Santiago del Estero,21017,ALBERDI,3747,86
Santiago del Estero,27702,ALBARDON,5253,86
Santiago del Estero,14387,AIBALITO,4238,86
Santiago del Estero,26850,AIBAL,4353,86
Santiago del Estero,26068,AHI VEREMOS,5251,86
Santiago del Estero,21159,AHI VEREMOS,4300,86
Santiago del Estero,26779,CAMPO GRANDE,4206,86
Santiago del Estero,26357,AGUSTINA LIBARONA,3741,86
Santiago del Estero,14594,AGUAS COLORADAS,4301,86
Santiago del Estero,14529,AGUADA,4220,86
Santiago del Estero,26258,AGUA SALADA,3736,86
Santiago del Estero,26065,AGUA CALIENTE,5251,86
Santiago del Estero,26356,AGUA BLANCA,3749,86
Santiago del Estero,27060,AGUA AMARGA,4197,86
Santiago del Estero,27074,ALGARROBAL VIEJO,4197,86
Santiago del Estero,14530,ALGARROBALES,4304,86
Santiago del Estero,14229,ANTAJE,4302,86
Santiago del Estero,22091,ANIMAS,4184,86
Santiago del Estero,27169,ANGA,4321,86
Santiago del Estero,26429,ANCOCHA,4201,86
Santiago del Estero,22136,ANCHILO,3740,86
Santiago del Estero,14306,ANCAJAN,4233,86
Santiago del Estero,14377,AÃ‘ATUYA,3760,86
Santiago del Estero,26992,AMOLADERAS,5255,86
Santiago del Estero,27524,AMICHA,4225,86
Santiago del Estero,14532,AMAPOLA,4223,86
Santiago del Estero,26189,ALZA NUEVA,4353,86
Santiago del Estero,14228,ALTO POZO,4302,86
Santiago del Estero,26748,ALTO ALEGRE,4233,86
Santiago del Estero,26925,ALTA GRACIA,4203,86
Santiago del Estero,14531,ALPA PUCA,4225,86
Santiago del Estero,27522,ACOS,4176,86
Santiago del Estero,26421,ABRITA CHICA,4201,86
Santiago del Estero,26719,YACU HURMANA,4354,86
Santiago del Estero,26715,YACU HICHACUNA,4353,86
Santiago del Estero,21102,YACASNIOJ,4334,86
Santiago del Estero,27519,WIÃ‘ANO,5251,86
Santiago del Estero,14494,WEISBURD,4351,86
Santiago del Estero,26971,VIZCACHERAL,4203,86
Santiago del Estero,27353,VINARA,4223,86
Santiago del Estero,14349,VINAL VIEJO,4301,86
Santiago del Estero,25836,VINAL MACHO,4452,86
Santiago del Estero,14433,VILLARES,4238,86
Santiago del Estero,26977,VILLA YOLANDA,3743,86
Santiago del Estero,14296,VILLA UNION,4300,86
Santiago del Estero,26709,VILLA TOLOJNA,4354,86
Santiago del Estero,27159,VILLA ROBLES,4301,86
Santiago del Estero,26456,YACUCHIRI,4315,86
Santiago del Estero,22482,YALAN,4324,86
Santiago del Estero,27417,ABRITA,4206,86
Santiago del Estero,14528,ABRAS DEL MARTIRIZADO,4225,86
Santiago del Estero,14384,ABRA DE QUIMIL,4238,86
Santiago del Estero,26127,9 DE JULIO,5255,86
Santiago del Estero,27266,7 DE ABRIL,4197,86
Santiago del Estero,14305,25 DE MAYO SUD,4231,86
Santiago del Estero,26842,25 DE MAYO,4353,86
Santiago del Estero,14300,ANTILO,4225,86
Santiago del Estero,21134,ZAPI POZO,4326,86
Santiago del Estero,14589,YUTU YACO,4221,86
Santiago del Estero,26414,YUNTA POZO,3747,86
Santiago del Estero,14486,YULU HUASI,4208,86
Santiago del Estero,27167,YUCHAN,4351,86
Santiago del Estero,22269,YLUMAMPA,5250,86
Santiago del Estero,27165,YASO,4322,86
Santiago del Estero,14340,ZORRO HUARCUNA,4237,86
Santiago del Estero,22152,ANTUCO,5250,86
Santiago del Estero,26439,BUENA VISTA,4201,86
Santiago del Estero,14182,BUEN LUGAR,4301,86
Santiago del Estero,26560,BREALOJ,4328,86
Santiago del Estero,27479,BREA POZO VIEJO,4313,86
Santiago del Estero,27089,BRANDAN,4197,86
Santiago del Estero,26995,BOTIJA,4452,86
Santiago del Estero,26435,BOQUERON,4313,86
Santiago del Estero,22081,BOCA DEL TIGRE,4184,86
Santiago del Estero,27291,BLANCO POZO,4184,86
Santiago del Estero,27513,BLANCA,4324,86
Santiago del Estero,22074,BINAL ESQUINA,3760,86
Santiago del Estero,26856,BELTRAN LORETO,4205,86
Santiago del Estero,26857,BELLA VISTA,4353,86
Santiago del Estero,26848,BELLA VISTA,4205,86
Santiago del Estero,26190,BELLA VISTA,3740,86
Santiago del Estero,27336,BELGRANO,5253,86
Santiago del Estero,22156,BUENA VISTA,5250,86
Santiago del Estero,26261,CAMPO EL ROSARIO,3736,86
Santiago del Estero,27517,CAMPO DEL CISNE,5255,86
Santiago del Estero,27003,CAMPO DEL AGUILA,3749,86
Santiago del Estero,26859,CAMPO DE AMOR,4205,86
Santiago del Estero,27096,CAMPO AMARILLO,4189,86
Santiago del Estero,22485,CAMPO ALEGRE,4206,86
Santiago del Estero,26563,CALOJ,4326,86
Santiago del Estero,22157,CALERAS,5250,86
Santiago del Estero,27342,CAJON,5251,86
Santiago del Estero,22083,CACHICO,4306,86
Santiago del Estero,26004,CACHI,4322,86
Santiago del Estero,21036,BURRO POZO,4317,86
Santiago del Estero,22484,BUEY RODEO,4206,86
Santiago del Estero,26763,BUENOS AIRES,4230,86
Santiago del Estero,26860,BUENA VISTA,4354,86
Santiago del Estero,26929,BELGRANO,4203,86
Santiago del Estero,26985,BAHIA BLANCA,3749,86
Santiago del Estero,26999,BAEZ,5255,86
Santiago del Estero,20693,AZUCENA,2356,86
Santiago del Estero,14216,AYUNCHA,4208,86
Santiago del Estero,26544,AVE MARIA,4326,86
Santiago del Estero,22006,ATAHUALPA,3714,86
Santiago del Estero,22035,ASPA SINCHI,4313,86
Santiago del Estero,14626,ARRAGA,4206,86
Santiago del Estero,26329,ARGENTINA,2354,86
Santiago del Estero,14595,AREAS,4301,86
Santiago del Estero,14230,ARDILES,4302,86
Santiago del Estero,26855,ARBOLITOS,4354,86
Santiago del Estero,22092,ARBOLITOS,4184,86
Santiago del Estero,21969,ARBOL SOLO,4205,86
Santiago del Estero,20692,ARBOL NEGRO,2356,86
Santiago del Estero,25847,BAJADITA,4208,86
Santiago del Estero,26988,BAJO GRANDE,4301,86
Santiago del Estero,14233,BEJAN,4225,86
Santiago del Estero,21143,BAYO MUERTO,4338,86
Santiago del Estero,27450,BARRIO VILLA FERNANDEZ,3760,86
Santiago del Estero,26902,BARRIO OBRERO,3740,86
Santiago del Estero,14308,BARRIO JARDIN,4230,86
Santiago del Estero,27004,BARRIALITO,5251,86
Santiago del Estero,27477,BARRIAL ALTO,4313,86
Santiago del Estero,14620,BARRANCAS,4319,86
Santiago del Estero,14596,BANEGAS,4302,86
Santiago del Estero,14350,BANDERA BAJADA,4301,86
Santiago del Estero,14307,BALDE POZO,4237,86
Santiago del Estero,14535,BAJO VERDE,4223,86
Santiago del Estero,26071,BAJO LAS PIEDRAS,5250,86
Santiago del Estero,26758,BAJO HONDO,4230,86
Santiago del Estero,21142,BAJO GRANDE,4338,86
Santiago del Estero,22003,SANTA ROSA,4230,86
Santiago del Estero,14498,VILLA OJO DE AGUA,5250,86
Santiago del Estero,14615,TABLADA DEL BOQUERON,4301,86
Santiago del Estero,26281,TABEANITA,4351,86
Santiago del Estero,27053,SURI POZO,5251,86
Santiago del Estero,14293,SURI POZO,4302,86
Santiago del Estero,26816,SUPERINTENDENTE LEDESMA,4184,86
Santiago del Estero,22115,SUNCHO PUJIO,4184,86
Santiago del Estero,26868,SUNCHO POZO,4230,86
Santiago del Estero,14442,SUNCHO CORRAL,4350,86
Santiago del Estero,27507,SUMAMPA VIEJO,5253,86
Santiago del Estero,27442,SUMAMAO,4201,86
Santiago del Estero,25931,SOTELOS,4304,86
Santiago del Estero,14523,SORIA BAJADA,4301,86
Santiago del Estero,27162,SOLEDAD,4356,86
Santiago del Estero,25857,SOL DE MAYO,4208,86
Santiago del Estero,27501,TABOADA ESTACION,4324,86
Santiago del Estero,14581,TACAMAMPA,4220,86
Santiago del Estero,14583,TALA POZO,4223,86
Santiago del Estero,14475,TALA ATUN,4208,86
Santiago del Estero,14582,TALA,4220,86
Santiago del Estero,26033,TAGAN,4319,86
Santiago del Estero,26769,TACON ESQUINA,4332,86
Santiago del Estero,14345,PAMPA DE LOS GUANACOS,3712,86
Santiago del Estero,27285,TACO PUNCO,4189,86
Santiago del Estero,27511,TACO POZO,5255,86
Santiago del Estero,14211,TACO POZO,4301,86
Santiago del Estero,27509,TACO PALTA,5253,86
Santiago del Estero,22439,TACO ISLA,4321,86
Santiago del Estero,26268,TACO FURA,3736,86
Santiago del Estero,27283,TACO BAJADA,4197,86
Santiago del Estero,25834,TACIOJ,4452,86
Santiago del Estero,14474,TACAÃ‘ITAS,4208,86
Santiago del Estero,14497,SOL DE JULIO,5255,86
Santiago del Estero,14292,SINQUEN PUNCO,4302,86
Santiago del Estero,14374,SAUCE ESQUINA,4301,86
Santiago del Estero,14614,SARMIENTO,4302,86
Santiago del Estero,14290,SANTOS LUGARES,4300,86
Santiago del Estero,14613,SANTO DOMINGO ROBLES,4301,86
Santiago del Estero,26123,SANTO DOMINGO CHICO,5251,86
Santiago del Estero,26236,SANTO DOMINGO,4353,86
Santiago del Estero,21158,SANTO DOMINGO,4338,86
Santiago del Estero,14522,SANTO DOMINGO,4301,86
Santiago del Estero,26812,SANTO DOMINGO,4187,86
Santiago del Estero,21157,SANTA ROSA DE VITERVO,4338,86
Santiago del Estero,26785,SANTA ROSA COPO,3714,86
Santiago del Estero,27462,SANTA ROSA,5257,86
Santiago del Estero,14373,SANTA ROSA,4354,86
Santiago del Estero,26474,SANTA ROSA,4339,86
Santiago del Estero,22135,SAUCE SOLO,4208,86
Santiago del Estero,25856,SAUCES,4315,86
Santiago del Estero,26862,SINCHI CAÃ‘A,4203,86
Santiago del Estero,26124,SIMBOLAR,5251,86
Santiago del Estero,14291,SIMBOLAR,4339,86
Santiago del Estero,25902,SIMBOL POZO,4201,86
Santiago del Estero,27272,SIMBOL POZO,4189,86
Santiago del Estero,26480,SIMBOL CAÃ‘ADA,4336,86
Santiago del Estero,27439,SIMBOL,4206,86
Santiago del Estero,14429,TALA POZO,4238,86
Santiago del Estero,26858,SHISHI POZO,4205,86
Santiago del Estero,26854,SERRANO MUERTO,4230,86
Santiago del Estero,25964,SEPULTURAS,4322,86
Santiago del Estero,26477,SEÃ‘ORA PUJIO,4339,86
Santiago del Estero,26756,SELVA BLANCA,3064,86
Santiago del Estero,26279,SEGUNDO POZO,4351,86
Santiago del Estero,25901,SAUZAL,4317,86
Santiago del Estero,27499,SIEMPRE VERDE,5253,86
Santiago del Estero,27504,TALA POZO,4313,86
Santiago del Estero,26038,VARAS CUCHUNA,4319,86
Santiago del Estero,27393,VACA HUMAN,4319,86
Santiago del Estero,26238,UTURUNCO,4353,86
Santiago del Estero,26797,URUTAU,3714,86
Santiago del Estero,22544,UPIANITA,4206,86
Santiago del Estero,22119,UCLAR,4184,86
Santiago del Estero,14482,TUSCA POZO SAN VICENTE,4212,86
Santiago del Estero,27149,TUSCA POZO,4322,86
Santiago del Estero,14481,TUSCA POZO,4208,86
Santiago del Estero,14617,TUSCA BAJADA,4301,86
Santiago del Estero,27307,TUNAS PUNCO,4203,86
Santiago del Estero,25932,TUNALES,4220,86
Santiago del Estero,26452,TULUM,4313,86
Santiago del Estero,26875,TRONCOS QUEMADOS,4230,86
Santiago del Estero,26967,TRONCO JURAS,4203,86
Santiago del Estero,21100,TRONCO BLANCO,4334,86
Santiago del Estero,25967,VILA ISLA,4322,86
Santiago del Estero,14525,VILLA NUEVA,4301,86
Santiago del Estero,26799,VILLA MATOQUE,4452,86
Santiago del Estero,27416,VILLA MATARA,4356,86
Santiago del Estero,27447,VILLA JIMENEZ,4201,86
Santiago del Estero,26705,VILLA HUAÃ‘UNA,4301,86
Santiago del Estero,26374,VILLA HAZAN,3749,86
Santiago del Estero,26239,VILLA GUAÃ‘UNA,3740,86
Santiago del Estero,26701,VILLA FIGUEROA,4353,86
Santiago del Estero,27166,VILLA ESQUINA,4356,86
Santiago del Estero,22071,VILLA ELENA,4313,86
Santiago del Estero,21965,VILLA CONSTANTINA,4200,86
Santiago del Estero,26973,VILLA BRANA,4351,86
Santiago del Estero,14221,VILLA ATAMISQUI,4317,86
Santiago del Estero,27492,VILLA ABREGU,3760,86
Santiago del Estero,26039,VERON,4319,86
Santiago del Estero,26237,TRINIDAD,4353,86
Santiago del Estero,27446,TORO HUMAN,4201,86
Santiago del Estero,14431,TONZU,4234,86
Santiago del Estero,21012,TOME Y TRAIGA,2356,86
Santiago del Estero,26035,TOLOSA,4319,86
Santiago del Estero,27164,TIUN PUNCO,4356,86
Santiago del Estero,27443,TIPIRO,4201,86
Santiago del Estero,22065,TIO CHACRA,4313,86
Santiago del Estero,14493,TINTINA,3743,86
Santiago del Estero,22137,TINAJERALOJ,3740,86
Santiago del Estero,21097,TIESTITUYOS,4334,86
Santiago del Estero,14585,TERMAS DE RIO HONDO,4220,86
Santiago del Estero,22116,TENENE,4184,86
Santiago del Estero,14212,TARPUNA,4301,86
Santiago del Estero,14584,TAQUELLO,4223,86
Santiago del Estero,26001,TAPERAS,4322,86
Santiago del Estero,26792,TORO PAMPA,4452,86
Santiago del Estero,22479,TORO POZO,4324,86
Santiago del Estero,26969,TRES POZOS,4351,86
Santiago del Estero,26354,TRES POZOS,2354,86
Santiago del Estero,26760,TRES LAGUNAS,3062,86
Santiago del Estero,27505,TRES JAZMINES,4313,86
Santiago del Estero,26824,TRES FLORES,4184,86
Santiago del Estero,26697,TRES CHAÃ‘ARES,4354,86
Santiago del Estero,14381,TRES CERROS,4237,86
Santiago del Estero,27290,TRES BAJOS,4197,86
Santiago del Estero,25918,TRASLADO,4187,86
Santiago del Estero,25965,TRANCAS,4322,86
Santiago del Estero,27708,TRAMO 26,4300,86
Santiago del Estero,14295,TRAMO 16,4301,86
Santiago del Estero,25953,TOTORILLA NUEVO,4308,86
Santiago del Estero,14479,TOTORA PAMPA,4208,86
Santiago del Estero,26036,TOROPAN,4319,86
Santiago del Estero,22059,PAMPA ATUN,4313,86
Santiago del Estero,22295,PALOMAR,5253,86
Santiago del Estero,14313,EL SALVADOR,4231,86
Santiago del Estero,21921,EL SAUCE,4350,86
Santiago del Estero,22209,EL SEGUNDO,5250,86
Santiago del Estero,25937,EL SALADILLO,4308,86
Santiago del Estero,26518,EL SIMBOL,3062,86
Santiago del Estero,21019,EL SIMBOLAR,3474,86
Santiago del Estero,20991,EL SOLITARIO,2356,86
Santiago del Estero,27005,EL TALA,4203,86
Santiago del Estero,26243,EL TANQUE,3741,86
Santiago del Estero,27090,EL ROSARIO,4322,86
Santiago del Estero,27184,EL REAL,4197,86
Santiago del Estero,14219,EL REMANSO,4208,86
Santiago del Estero,14552,EL RETIRO,4223,86
Santiago del Estero,26203,EL ROSARIO,4353,86
Santiago del Estero,14553,EL RINCON,4220,86
Santiago del Estero,26081,EL RODEO,5251,86
Santiago del Estero,27187,EL ROSARIO,4197,86
Santiago del Estero,14250,EL ROSARIO,4300,86
Santiago del Estero,27453,EL TOBIANO,3064,86
Santiago del Estero,21065,EL TRECE,4328,86
Santiago del Estero,22308,ESCUELA 109,4220,86
Santiago del Estero,22306,ESCUELA 57,4220,86
Santiago del Estero,26944,ESCUELA 708,4203,86
Santiago del Estero,26938,ESCUELA 1050,4203,86
Santiago del Estero,22210,ESPERANZA,5250,86
Santiago del Estero,22212,ESPINILLO,5250,86
Santiago del Estero,26475,ESTACION ATAMISQUI,4315,86
Santiago del Estero,22020,ESTADOS UNIDOS,3712,86
Santiago del Estero,21043,ESCALERA,4317,86
Santiago del Estero,26867,ENVIDIA,4205,86
Santiago del Estero,26145,EL UNCO,5250,86
Santiago del Estero,26264,EL URUNDAY,3736,86
Santiago del Estero,26539,EL VALLE DE ORIENTE,3749,86
Santiago del Estero,27397,EL VEINTICINCO,4233,86
Santiago del Estero,27009,EL VEINTICINCO DE MAYO,4233,86
Santiago del Estero,21962,EL VINALAR,4200,86
Santiago del Estero,26011,EL VIZCACHERAL,4322,86
Santiago del Estero,27304,ENSENADA,4187,86
Santiago del Estero,14395,EL QUILLIN,4234,86
Santiago del Estero,14359,EL QUEMADO,4301,86
Santiago del Estero,14379,EL MALACARA,3761,86
Santiago del Estero,22494,EL MARNE,4206,86
Santiago del Estero,26891,EL MILAGRO,4230,86
Santiago del Estero,25819,EL MISTOL,3752,86
Santiago del Estero,27381,EL MISTOL,5253,86
Santiago del Estero,22101,EL MOLAR,4184,86
Santiago del Estero,14450,EL MULATO,4208,86
Santiago del Estero,26495,EL NEGRITO,4353,86
Santiago del Estero,14507,EL MOJON,4197,86
Santiago del Estero,21179,EL JARDIN,3062,86
Santiago del Estero,26472,EL DORADO,4313,86
Santiago del Estero,27525,EL EMPACHADO,4324,86
Santiago del Estero,21145,EL FAVORITO,4338,86
Santiago del Estero,26367,EL FISCO,3741,86
Santiago del Estero,27177,EL FLORIDO,4197,86
Santiago del Estero,26142,EL FUERTE,5250,86
Santiago del Estero,20990,EL GALPON,2356,86
Santiago del Estero,25906,EL GRAMILLAR,4197,86
Santiago del Estero,26940,EL HOYO,3745,86
Santiago del Estero,26980,ESTANCIA EL CARMEN,2357,86
Santiago del Estero,26415,EL OJO DE AGUA,4302,86
Santiago del Estero,14190,EL PORVENIR,4301,86
Santiago del Estero,27388,EL PORVENIR,5255,86
Santiago del Estero,26978,EL PRADO,3743,86
Santiago del Estero,14358,EL PIRUCHO,4301,86
Santiago del Estero,27490,EL PUENTE,4313,86
Santiago del Estero,21960,EL PUESTITO,4200,86
Santiago del Estero,14551,EL PUESTO,4223,86
Santiago del Estero,14419,EL QUEBRACHAL,4225,86
Santiago del Estero,14451,EL PINTO,4208,86
Santiago del Estero,26143,EL PILAR,5250,86
Santiago del Estero,14189,EL OLIVAR,4301,86
Santiago del Estero,26369,EL OSCURO,3749,86
Santiago del Estero,27227,EL PACARA,4178,86
Santiago del Estero,22010,EL PALOMAR,3714,86
Santiago del Estero,26272,EL PALOMAR,4351,86
Santiago del Estero,27384,EL PARAISO,5255,86
Santiago del Estero,27233,EL PERAL,4201,86
Santiago del Estero,26975,EL PERTIGO,4351,86
Santiago del Estero,26951,EL OJO DE AGUA,3740,86
Santiago del Estero,21020,ESTANCIA LA AGUSTINA,3747,86
Santiago del Estero,25939,JANTA,4308,86
Santiago del Estero,27102,JIMENEZ,4322,86
Santiago del Estero,22213,JUME,5250,86
Santiago del Estero,26012,JUME ESQUINA,4322,86
Santiago del Estero,26504,JUME ESQUINA,4354,86
Santiago del Estero,26420,JUMI POZO,4338,86
Santiago del Estero,14360,JUMI VIEJO,4301,86
Santiago del Estero,26508,JUMIAL GRANDE,4353,86
Santiago del Estero,27036,JUMEAL O JUMIAL,4230,86
Santiago del Estero,26088,JACIMAMPA,5250,86
Santiago del Estero,27099,INDUSTRIA NUEVA,4322,86
Santiago del Estero,26823,INGENIERO EZCURRA,4206,86
Santiago del Estero,27031,INTI HUASI,4230,86
Santiago del Estero,27308,ISCA YACU,4184,86
Santiago del Estero,27363,ISCA YACU SEMAUL,4184,86
Santiago del Estero,25876,ISLA DE ARAGONES,4317,86
Santiago del Estero,14560,ISLA DE LOS SOTELOS,4304,86
Santiago del Estero,25908,ISLA MOTA,4197,86
Santiago del Estero,26528,ISLA BAJA,3064,86
Santiago del Estero,26204,JUNCAL GRANDE,3740,86
Santiago del Estero,26826,KILOMETRO 153,4206,86
Santiago del Estero,21022,KILOMETRO 20,3747,86
Santiago del Estero,27044,KILOMETRO 301,5255,86
Santiago del Estero,27347,KILOMETRO 390,4321,86
Santiago del Estero,27400,KILOMETRO 433,3766,86
Santiago del Estero,25815,KILOMETRO 443,4350,86
Santiago del Estero,25845,KILOMETRO 450,3763,86
Santiago del Estero,22047,KILOMETRO 473,4313,86
Santiago del Estero,26470,KILOMETRO 436,4317,86
Santiago del Estero,26375,KILOMETRO 1362,3712,86
Santiago del Estero,27186,KENTI TACKO,5253,86
Santiago del Estero,25877,KENTI TACO,4317,86
Santiago del Estero,21165,KILOMETRO 1033,4300,86
Santiago del Estero,14317,KILOMETRO 1098,4234,86
Santiago del Estero,14399,KILOMETRO 1121,4234,86
Santiago del Estero,14628,KILOMETRO 118,4208,86
Santiago del Estero,26543,KILOMETRO 1210,3714,86
Santiago del Estero,22022,KILOMETRO 1297,3712,86
Santiago del Estero,26553,KILOMETRO 1338,3712,86
Santiago del Estero,27028,ICHAGON,4203,86
Santiago del Estero,26418,HUYAMAMPA,4336,86
Santiago del Estero,14625,GARZA,4324,86
Santiago del Estero,26244,GENOVEVA,3741,86
Santiago del Estero,14489,GIRARDET,3736,86
Santiago del Estero,27491,GALLEGOS,4313,86
Santiago del Estero,22455,GUAIPI,4324,86
Santiago del Estero,27538,GUAMPACHA,4203,86
Santiago del Estero,27197,GUANACUYOJ,4189,86
Santiago del Estero,26541,GUARCAN,4301,86
Santiago del Estero,14556,GALEANO,4220,86
Santiago del Estero,14192,FORTUNA,4301,86
Santiago del Estero,14555,ESTANCIA VIEJA,4220,86
Santiago del Estero,14191,ESTEROS,4301,86
Santiago del Estero,26947,FAMATINA,4203,86
Santiago del Estero,27017,FAVORINA,4203,86
Santiago del Estero,14601,FERNANDEZ,4322,86
Santiago del Estero,27033,FIVIALTOS,5250,86
Santiago del Estero,26373,FLORIDA,3747,86
Santiago del Estero,14298,FORTIN INCA,3062,86
Santiago del Estero,21115,GUARDIA,4326,86
Santiago del Estero,26084,GUARDIA DE LA ESQUINA,5251,86
Santiago del Estero,25874,HOYON,4317,86
Santiago del Estero,27246,HUACHANA,4201,86
Santiago del Estero,25875,HUACHANA,4317,86
Santiago del Estero,26500,HUALO CANCANA,3745,86
Santiago del Estero,26087,HUASCAN,5251,86
Santiago del Estero,26503,HUILLA CATINA,3745,86
Santiago del Estero,14512,HUÃ‘AJCITO,4301,86
Santiago del Estero,22434,HUTCU CHACRA,4321,86
Santiago del Estero,14558,HUASCHO PATILLA,4220,86
Santiago del Estero,14511,HOYO CERCO,4301,86
Santiago del Estero,20992,GUARDIA VIEJA,2356,86
Santiago del Estero,25824,GUAYACAN,4452,86
Santiago del Estero,21922,GUAYPE,4350,86
Santiago del Estero,21116,GUIÃ‘AO,4326,86
Santiago del Estero,27201,HAHUANCUYOS,4197,86
Santiago del Estero,14223,HERRERA,4328,86
Santiago del Estero,21045,HIGUERILLAS,4317,86
Santiago del Estero,26086,HORCOS TUCUCUNA,5250,86
Santiago del Estero,21046,HORNILLOS,4317,86
Santiago del Estero,27045,KILOMETRO 48,3740,86
Santiago del Estero,27172,EL DIABLO,4197,86
Santiago del Estero,27058,CHILCA,5255,86
Santiago del Estero,27337,CHILCA JULIANA,4319,86
Santiago del Estero,14355,CHILE,4301,86
Santiago del Estero,27873,CHEEJ,4324,86
Santiago del Estero,26451,CHILQUITA,4317,86
Santiago del Estero,21038,CHILQUITAS,4317,86
Santiago del Estero,27343,CHIRA,4321,86
Santiago del Estero,26076,CHUCHI,5251,86
Santiago del Estero,26407,CHUIQUI,4201,86
Santiago del Estero,26445,CHAUCHILLAS,4201,86
Santiago del Estero,14544,CHAÃ‘AR POZO,4304,86
Santiago del Estero,26041,CHAÃ‘AR POZO,5257,86
Santiago del Estero,22490,CHAÃ‘AR PUJIO,4206,86
Santiago del Estero,14236,CHAUPI POZO,4302,86
Santiago del Estero,26130,CHAÃ‘ARES ALTOS,5250,86
Santiago del Estero,22199,CHAÃ‘ARITOS,5251,86
Santiago del Estero,22084,CHARCO VIEJO,4184,86
Santiago del Estero,22039,CHARQUINA,4313,86
Santiago del Estero,25869,CHUIQUI,4317,86
Santiago del Estero,21106,CHUÃ‘A PALMA,4326,86
Santiago del Estero,20720,COLONIA ERMELINDA,2356,86
Santiago del Estero,27054,COLONIA GERALDINA,2341,86
Santiago del Estero,22321,COLONIA LA VICTORIA,2354,86
Santiago del Estero,22016,COLONIA EL PELIGRO,3712,86
Santiago del Estero,26889,COLONIA MEDIA,4353,86
Santiago del Estero,20721,COLONIA PAULA,2356,86
Santiago del Estero,27487,COLONIA PINTO,4313,86
Santiago del Estero,14179,COLONIA SANTA ROSA AGUIRRE,2357,86
Santiago del Estero,14222,COLONIA DORA,4332,86
Santiago del Estero,27051,COLONIA ALPINA,2341,86
Santiago del Estero,27114,CHURQUI ESQUINA,4301,86
Santiago del Estero,20696,CLEVELAND,2356,86
Santiago del Estero,14389,CODILLO,4238,86
Santiago del Estero,26458,CODO,4315,86
Santiago del Estero,21107,CODO POZO,4326,86
Santiago del Estero,21041,COLLERA HUIRCUNA,4315,86
Santiago del Estero,25849,COLLERA HURCUNA,4208,86
Santiago del Estero,26574,COLLUN LIOJ,4324,86
Santiago del Estero,26781,CHAÃ‘AR POZO,4203,86
Santiago del Estero,27018,CHAÃ‘AR POZO,3749,86
Santiago del Estero,14446,CAÃ‘ADA SAN RAMON,4315,86
Santiago del Estero,26770,CANARIO,4233,86
Santiago del Estero,25866,CANCINOS,4201,86
Santiago del Estero,26006,CANDELARIA,4322,86
Santiago del Estero,27518,CANDELARIA,4354,86
Santiago del Estero,22189,CANTAMAMPA,5250,86
Santiago del Estero,20695,CAPILLA,2356,86
Santiago del Estero,21037,CARBON POZO,4317,86
Santiago del Estero,26443,CANEINOS,4201,86
Santiago del Estero,26192,CAÃ‘ADA LIMPIA,3740,86
Santiago del Estero,22015,CAMPO LA ANGELITA,3712,86
Santiago del Estero,26861,CAMPO LIMPIO,4353,86
Santiago del Estero,20694,CAMPO RAMON LAPLACE,2356,86
Santiago del Estero,27346,CAMPO RICO,5255,86
Santiago del Estero,14388,CAMPO VERDE,4238,86
Santiago del Estero,26270,CAMPO VERDE,4351,86
Santiago del Estero,26768,CAÃ‘ADA,4203,86
Santiago del Estero,22188,CAÃ‘ADA DE LA CRUZ,5250,86
Santiago del Estero,14234,CAÃ‘ADA ESCOBAR,4301,86
Santiago del Estero,14439,COLONIA SIEGEL,4356,86
Santiago del Estero,26783,CARDOZOS,4201,86
Santiago del Estero,26359,CENTRAL DOLORES,3745,86
Santiago del Estero,26934,CERRILLOS,4203,86
Santiago del Estero,26773,CERRILLOS DE SAN ISIDRO,4230,86
Santiago del Estero,26907,CEJOLAO,3741,86
Santiago del Estero,27357,CHACRAS,5251,86
Santiago del Estero,27014,CHAINIMA,3749,86
Santiago del Estero,14504,CHAÃ‘AR BAJADA,4301,86
Santiago del Estero,14310,CHAÃ‘AR LAGUNA,4230,86
Santiago del Estero,14185,CEJAS,4301,86
Santiago del Estero,27481,CAZADORES,4324,86
Santiago del Estero,21914,CARRETERO,4350,86
Santiago del Estero,26870,CARTAVIO,4353,86
Santiago del Estero,22275,CASA DE DIOS,5253,86
Santiago del Estero,26328,CASARES,2354,86
Santiago del Estero,26326,CASILLA DEL MEDIO,4306,86
Santiago del Estero,14354,CASPI CORRAL,4301,86
Santiago del Estero,26007,CAVADITO,4322,86
Santiago del Estero,26008,CAVADO,4322,86
Santiago del Estero,14353,CARDON ESQUINA,4301,86
Santiago del Estero,14548,COLONIA TINCO,4220,86
Santiago del Estero,14301,EL BARRIAL,4225,86
Santiago del Estero,27216,EL BARRIAL,4301,86
Santiago del Estero,27293,EL BOBADAL,4187,86
Santiago del Estero,14245,EL BOSQUE,4300,86
Santiago del Estero,26200,EL BRAGADO,4353,86
Santiago del Estero,27027,EL CACHI,5251,86
Santiago del Estero,27157,EL CAJON,4189,86
Santiago del Estero,26365,EL CAMBIADO,3749,86
Santiago del Estero,26933,EL BRAVO,3734,86
Santiago del Estero,27152,EL BALDECITO,4197,86
Santiago del Estero,14549,EL ALAMBRADO,4223,86
Santiago del Estero,26136,EL ALGARROBO,5255,86
Santiago del Estero,26137,EL ARBOL DE PIEDRA,5250,86
Santiago del Estero,26924,EL ARBOLITO,3734,86
Santiago del Estero,27211,EL ARBOLITO,4176,86
Santiago del Estero,27697,EL ARENAL,4187,86
Santiago del Estero,27214,EL BAGUAL,4178,86
Santiago del Estero,27486,EL BAJO,4324,86
Santiago del Estero,26138,EL ARBOLITO,5250,86
Santiago del Estero,26513,EL CANDELERO,3064,86
Santiago del Estero,27121,EL COLORADO,3741,86
Santiago del Estero,25936,EL CRECE,4308,86
Santiago del Estero,21178,EL CRUCERO,3062,86
Santiago del Estero,26492,EL CRUCERO,4353,86
Santiago del Estero,14440,EL CUADRADO,3765,86
Santiago del Estero,27523,EL CUELLO,4354,86
Santiago del Estero,25873,EL DEAN,4317,86
Santiago del Estero,27124,EL DESCANSO,4353,86
Santiago del Estero,27042,EL CUARENTA Y NUEVE,5250,86
Santiago del Estero,14302,EL CHURQUI,4225,86
Santiago del Estero,26817,EL CARMEN,4201,86
Santiago del Estero,14246,EL CARMEN,4300,86
Santiago del Estero,26271,EL CARMEN,4351,86
Santiago del Estero,14247,EL CEBOLLIN,4302,86
Santiago del Estero,14600,EL CERCADO,4302,86
Santiago del Estero,26517,EL CERRITO MONTE QUEMADO,3714,86
Santiago del Estero,14357,EL CHAÃ‘AR,4301,86
Santiago del Estero,22329,EL CHARABON,2354,86
Santiago del Estero,27120,EL CHINCHILLAR,4356,86
Santiago del Estero,26491,EL AIBALITO,4353,86
Santiago del Estero,27118,EL AIBAL,4356,86
Santiago del Estero,22201,CORTADERAS,5250,86
Santiago del Estero,25971,CORVALANES,4322,86
Santiago del Estero,22276,COSTA VIEJA,5253,86
Santiago del Estero,26077,CORRALITO,5251,86
Santiago del Estero,21917,CRUZ LOMA,4350,86
Santiago del Estero,21113,CRUZ POZO,4326,86
Santiago del Estero,26134,CUCHI CORRAL,5250,86
Santiago del Estero,26802,CUICHICAÃ‘A,4203,86
Santiago del Estero,27130,CORRAL QUEMADO,4197,86
Santiago del Estero,27369,CORRAL DEL REY,5255,86
Santiago del Estero,21109,CONCHAYOS,4326,86
Santiago del Estero,21111,CONSULÃ‘OJ,4326,86
Santiago del Estero,26935,CONZO,4203,86
Santiago del Estero,27484,CORASPINO,4324,86
Santiago del Estero,27451,CORONEL BARROS,3760,86
Santiago del Estero,26360,CORONEL MANUEL LEONCIO RICO,3712,86
Santiago del Estero,25870,COROPAMPA,4317,86
Santiago del Estero,27367,CORRAL DE CARCOS,5255,86
Santiago del Estero,14186,CUQUENOS,4301,86
Santiago del Estero,26361,CUQUERO,3749,86
Santiago del Estero,26198,DOS HERMANAS,3740,86
Santiago del Estero,21919,DOS HERMANOS,4350,86
Santiago del Estero,27030,DOS VARONES,3749,86
Santiago del Estero,26488,EL 21,3745,86
Santiago del Estero,14312,EL ABRA,4237,86
Santiago del Estero,26506,EL AGRICULTOR,3064,86
Santiago del Estero,27373,EL AGUILA,5255,86
Santiago del Estero,26009,EL AIBAL,4322,86
Santiago del Estero,26078,EL ABRA,5251,86
Santiago del Estero,14342,DOS ARBOLES,4452,86
Santiago del Estero,21176,DESVIO POZO DULCE,3062,86
Santiago del Estero,14448,DIENTE DEL ARADO,4208,86
Santiago del Estero,14356,DIQUE FIGUEROA,4301,86
Santiago del Estero,26804,DIVISADERO,4233,86
Santiago del Estero,26196,DOLORES,3740,86
Santiago del Estero,26485,DOLORES,4353,86
Santiago del Estero,22098,DON BARTOLO,4184,86
Santiago del Estero,20722,DOÃ‘A LORENZA,2356,86
Santiago del Estero,26363,DONADEU,3741,86
Santiago del Estero,14495,KILOMETRO 49,5258,86
Santiago del Estero,27455,KILOMETRO 499,3752,86
Santiago del Estero,27065,LOS PORONGOS,2344,86
Santiago del Estero,27075,LOS POZOS,5250,86
Santiago del Estero,26600,LOS PUENTES,4353,86
Santiago del Estero,26630,LOS PIRPINTOS,3712,86
Santiago del Estero,25989,LOS PUNTOS,4322,86
Santiago del Estero,27319,LOS QUEBRACHOS,4304,86
Santiago del Estero,27309,LOS QUIROGA,4201,86
Santiago del Estero,25884,LOS QUIROGA,4317,86
Santiago del Estero,22107,LOS RALOS,4184,86
Santiago del Estero,26250,LOS PECARIEL,3741,86
Santiago del Estero,27459,LOS LINARES,3761,86
Santiago del Estero,20999,LOS MILAGROS,2356,86
Santiago del Estero,26523,LOS MOLLARES,4317,86
Santiago del Estero,27082,LOS PENSAMIENTOS,3740,86
Santiago del Estero,26618,LOS MONTEROS,3712,86
Santiago del Estero,14270,LOS NARANJOS,4300,86
Santiago del Estero,27655,LOS OVEJEROS,4220,86
Santiago del Estero,22291,LOS PAREDONES,5253,86
Santiago del Estero,26901,LOS RALOS,4205,86
Santiago del Estero,26162,LOS REMANSOS,5250,86
Santiago del Estero,25957,MACO,4322,86
Santiago del Estero,26502,MACO YANDA,4206,86
Santiago del Estero,26605,MADERAS,4354,86
Santiago del Estero,27084,LUJAN,4353,86
Santiago del Estero,26611,MAILIN,4328,86
Santiago del Estero,22060,MAJADAS SUD,4313,86
Santiago del Estero,26026,MAL PASO,4319,86
Santiago del Estero,14180,MALBRAN,2354,86
Santiago del Estero,21067,LUJAN,4328,86
Santiago del Estero,26956,LUJAN,4203,86
Santiago del Estero,25929,LOS ROBLES,4220,86
Santiago del Estero,27867,LOS SANTILLAN,4186,86
Santiago del Estero,22247,LOS SUNCHOS,5250,86
Santiago del Estero,14621,LOS TELARES,4321,86
Santiago del Estero,27460,LOTE 15,3760,86
Santiago del Estero,25843,LOTE 27 ESCUELA 286,3766,86
Santiago del Estero,27461,LOTE 42,3765,86
Santiago del Estero,26277,LOTE S,4351,86
Santiago del Estero,25987,LOS HERREROS,4322,86
Santiago del Estero,25810,LOS HERRERAS,4336,86
Santiago del Estero,27286,LIBERTAD,4189,86
Santiago del Estero,27256,LIMACHE,5255,86
Santiago del Estero,22055,LINTON,4313,86
Santiago del Estero,22239,LLAMA PAMPA,5250,86
Santiago del Estero,27138,LOJLO,4350,86
Santiago del Estero,14382,LOMA DE YESO,4238,86
Santiago del Estero,27171,LOMA GRANDE,4197,86
Santiago del Estero,25981,LOMA NEGRA,4322,86
Santiago del Estero,27703,LOMA BLANCA,4321,86
Santiago del Estero,26596,LIBANESA,4332,86
Santiago del Estero,21906,LAS TERESAS,3062,86
Santiago del Estero,27318,LAS TIGRERAS,4304,86
Santiago del Estero,26569,LAS TRINCHERAS,4230,86
Santiago del Estero,26436,LAS ZANJAS,4300,86
Santiago del Estero,21929,LAURELES,4350,86
Santiago del Estero,26953,LAVALLE,4234,86
Santiago del Estero,27134,LEDESMA,4356,86
Santiago del Estero,25881,LEIVA,4317,86
Santiago del Estero,27294,LESCANOS,4201,86
Santiago del Estero,21069,MALLIN VIEJO,4328,86
Santiago del Estero,25883,LOMITAS,4317,86
Santiago del Estero,14405,LOS COBRES,4238,86
Santiago del Estero,14406,LOS CORREAS,4238,86
Santiago del Estero,14566,LOS DECIMAS,4221,86
Santiago del Estero,27176,LOS CERROS,4189,86
Santiago del Estero,25984,LOS DOCE QUEBRACHOS,4322,86
Santiago del Estero,14567,LOS FIERROS,4220,86
Santiago del Estero,25985,LOS GALLARDOS,4322,86
Santiago del Estero,26440,LOS GUERREROS,4302,86
Santiago del Estero,27355,LOS CERRILLOS,4319,86
Santiago del Estero,14565,LOS CASTILLOS,4220,86
Santiago del Estero,26597,LOMITAS,4354,86
Santiago del Estero,27064,LOMITAS BLANCAS,5251,86
Santiago del Estero,14564,LORO HUASI,4220,86
Santiago del Estero,14265,LOS ALDERETES,4302,86
Santiago del Estero,25851,LOS ANGELES,4208,86
Santiago del Estero,26160,LOS ARBOLITOS,5250,86
Santiago del Estero,14606,LOS ARIAS,4301,86
Santiago del Estero,27263,LOS CAÃ‘OS,5257,86
Santiago del Estero,26575,LOMITAS,4233,86
Santiago del Estero,27364,MALOTA,4321,86
Santiago del Estero,14591,NUEVA CERES,2340,86
Santiago del Estero,26667,NUEVA ESPERANZA,3714,86
Santiago del Estero,14630,NUEVA FRANCIA,4206,86
Santiago del Estero,21930,NUEVA GRANADA,4350,86
Santiago del Estero,22395,NUEVA INDUSTRIA,4322,86
Santiago del Estero,22464,NUEVE MISTOLES,4324,86
Santiago del Estero,27704,NUEVO LIBANO,4300,86
Santiago del Estero,14516,NUEVO SIMBOLAR,4301,86
Santiago del Estero,26345,NUEVA TRINIDAD,2354,86
Santiago del Estero,14274,NUEVA ANTAJE,4300,86
Santiago del Estero,22410,MORELLO,4312,86
Santiago del Estero,26524,NANDA,4206,86
Santiago del Estero,27420,NARANJITO,4201,86
Santiago del Estero,26106,NARANJITOS,5251,86
Santiago del Estero,27144,NASALO,3752,86
Santiago del Estero,21150,NEGRA MUERTA,4338,86
Santiago del Estero,26211,NOGALES,3740,86
Santiago del Estero,27146,NOGE,3752,86
Santiago del Estero,26051,NAVARRO,5257,86
Santiago del Estero,27107,OBRAJE MARIA ANGELICA,3743,86
Santiago del Estero,26957,PALMA FLOR,4203,86
Santiago del Estero,27872,PALMA POZO,4225,86
Santiago del Estero,14570,PALMA REDONDA,4223,86
Santiago del Estero,26346,PALMAS,2354,86
Santiago del Estero,14411,PALMITAS,4238,86
Santiago del Estero,26052,PALO A PIQUE,5257,86
Santiago del Estero,27061,PALO NEGRO,2354,86
Santiago del Estero,26214,PALOMAR,4353,86
Santiago del Estero,21152,PALMITAS,4338,86
Santiago del Estero,27113,PALERMO,4350,86
Santiago del Estero,27080,OJO DE AGUA,5250,86
Santiago del Estero,26673,ONCAJAN,4233,86
Santiago del Estero,14622,ORATORIO,5257,86
Santiago del Estero,27108,OTUMPA,3741,86
Santiago del Estero,25852,PAAJ MUYO,4208,86
Santiago del Estero,26677,PAAJ POZO,3714,86
Santiago del Estero,26213,PACIENCIA,4353,86
Santiago del Estero,22294,PAJARO BLANCO,5253,86
Santiago del Estero,14276,PALERMO,4302,86
Santiago del Estero,26253,MORAYOS,3741,86
Santiago del Estero,27419,MORALES,4201,86
Santiago del Estero,26822,MARTINEZ,2357,86
Santiago del Estero,14441,MATARA,4356,86
Santiago del Estero,22292,MEDANOS,5253,86
Santiago del Estero,22397,MARIA DELICIA,4322,86
Santiago del Estero,27188,MEDIA LUNA,4197,86
Santiago del Estero,27143,MELERO,4356,86
Santiago del Estero,21963,MERCEDES,4200,86
Santiago del Estero,25827,MERCEDES,4452,86
Santiago del Estero,26610,MARIA,4353,86
Santiago del Estero,26607,MARAVILLA,4353,86
Santiago del Estero,27278,MANCHIN,5257,86
Santiago del Estero,14343,MANGA BAJADA,4301,86
Santiago del Estero,27320,MANOGASTA,4201,86
Santiago del Estero,14569,MANSUPA,4220,86
Santiago del Estero,26511,MAQUITA,4206,86
Santiago del Estero,22519,MAQUITO,4206,86
Santiago del Estero,26207,MARAVILLA,3740,86
Santiago del Estero,27181,MARAVILLA,4197,86
Santiago del Estero,27463,MIEL DE PALO,3761,86
Santiago del Estero,27094,MILAGRO,3743,86
Santiago del Estero,21002,MONTE CRECIDO,2356,86
Santiago del Estero,26747,MONTE POTRERO,4187,86
Santiago del Estero,14344,MONTE QUEMADO,3714,86
Santiago del Estero,14458,MONTE REDONDO,4212,86
Santiago del Estero,26643,MONTE REDONDO,4230,86
Santiago del Estero,26389,MONTE VERDE,3747,86
Santiago del Estero,26655,MONTEAGUDO,4230,86
Santiago del Estero,14197,MONTEVIDEO,4301,86
Santiago del Estero,14491,MONTE REDONDO,4301,86
Santiago del Estero,27189,MOLLEOJ,4197,86
Santiago del Estero,26210,MINERVA,3740,86
Santiago del Estero,26165,MIRAMONTE,5250,86
Santiago del Estero,27324,MIRANDAS,4201,86
Santiago del Estero,25944,MIRCA,4308,86
Santiago del Estero,27284,MISTOL LOMA,5255,86
Santiago del Estero,27100,MISTOL PAMPA,4351,86
Santiago del Estero,26104,MISTOLES,5251,86
Santiago del Estero,21071,MOCONZA,4328,86
Santiago del Estero,22463,MOLLE,4324,86
Santiago del Estero,14404,LAS TALITAS,4238,86
Santiago del Estero,26433,LAS SALINAS,4300,86
Santiago del Estero,26092,LA ESPERANZA,5251,86
Santiago del Estero,14321,LA ESQUINA,4230,86
Santiago del Estero,22078,LA ESTANCIA,3760,86
Santiago del Estero,26015,LA ESPERANZA,4322,86
Santiago del Estero,22460,LA FALDA,4324,86
Santiago del Estero,26585,LA FIRMEZA,3714,86
Santiago del Estero,27269,LA FLORIDA,4201,86
Santiago del Estero,25941,LA FLORIDA,4308,86
Santiago del Estero,26093,LA FLORIDA,5251,86
Santiago del Estero,22106,LA ESPERANZA,4184,86
Santiago del Estero,27258,LA DARSENA,4201,86
Santiago del Estero,26567,LA DEFENSA,3749,86
Santiago del Estero,26536,LA DOLORES,3064,86
Santiago del Estero,26827,LA ESPERANZA,4206,86
Santiago del Estero,22077,LA ENCALADA,3760,86
Santiago del Estero,26341,LA ESMERALDA,2354,86
Santiago del Estero,26581,LA ESMERALDA,3766,86
Santiago del Estero,26573,LA ESPERANZA,3749,86
Santiago del Estero,26381,LA FORTUNA,3747,86
Santiago del Estero,14435,LA FORTUNA,4304,86
Santiago del Estero,26579,LA INVERNADA,4353,86
Santiago del Estero,14496,LA ISLA,5251,86
Santiago del Estero,27242,LA JULIANA,4189,86
Santiago del Estero,26584,LA HUERTA,3064,86
Santiago del Estero,21899,LA LIBIA,3062,86
Santiago del Estero,26582,LA LOMA,4301,86
Santiago del Estero,27402,LA LOMA,4354,86
Santiago del Estero,25909,LA LUNA,4187,86
Santiago del Estero,14624,LA HIGUERA,4301,86
Santiago del Estero,26576,LA HIEDRA,3064,86
Santiago del Estero,26571,LA FRANCISCA,3064,86
Santiago del Estero,14259,LA GERMANIA,4302,86
Santiago del Estero,26043,LA GOLONDRINA,4321,86
Santiago del Estero,27273,LA GRAMA,4201,86
Santiago del Estero,26149,LA GRANADA,5255,86
Santiago del Estero,21170,LA GRANJA,4300,86
Santiago del Estero,27202,LA GRINGA,5257,86
Santiago del Estero,14322,LA GUARDIA,4233,86
Santiago del Estero,26091,LA CUESTA,5251,86
Santiago del Estero,14257,LA CUARTEADA,4302,86
Santiago del Estero,26275,KISKA LORO,4351,86
Santiago del Estero,27047,LA ABRA,5251,86
Santiago del Estero,27209,LA AGUADA,4197,86
Santiago del Estero,27048,LA AGUADITA,5251,86
Santiago del Estero,21893,LA AIDA,3062,86
Santiago del Estero,26378,LA AMERICA,3747,86
Santiago del Estero,26379,LA ARGENTINA,3749,86
Santiago del Estero,22024,LA ARMONIA,3712,86
Santiago del Estero,26534,LA ALEMANA,3064,86
Santiago del Estero,14453,KILOMETRO 88,4208,86
Santiago del Estero,22076,KILOMETRO 515,3760,86
Santiago del Estero,27128,KILOMETRO 546,4350,86
Santiago del Estero,27034,KILOMETRO 606,3741,86
Santiago del Estero,21147,KILOMETRO 629,4338,86
Santiago del Estero,26422,KILOMETRO 645,4339,86
Santiago del Estero,26425,KILOMETRO 651,4339,86
Santiago del Estero,14252,KILOMETRO 661,4300,86
Santiago del Estero,27041,KILOMETRO 694,3745,86
Santiago del Estero,22339,KILOMETRO 735,2354,86
Santiago del Estero,21900,LA MAGDALENA,3062,86
Santiago del Estero,14255,LA BANDA,4300,86
Santiago del Estero,26521,LA CHEJCHILLA,3745,86
Santiago del Estero,26147,LA CHILCA,5251,86
Santiago del Estero,27219,LA CODICIA,4197,86
Santiago del Estero,20993,LA CASIMIRA,2356,86
Santiago del Estero,26525,LA CONCEPCION,4354,86
Santiago del Estero,21087,LA COSTA,4334,86
Santiago del Estero,26014,LA CRUZ,4322,86
Santiago del Estero,27132,LA CRUZ,4354,86
Santiago del Estero,26339,LA CAROLINA,2354,86
Santiago del Estero,21168,LA CAPILLA,4300,86
Santiago del Estero,22286,LA BELLA CRIOLLA,5253,86
Santiago del Estero,27215,LA BLANCA,4189,86
Santiago del Estero,22050,LA BLANCA,4313,86
Santiago del Estero,26013,LA BOTA,4322,86
Santiago del Estero,27106,LA BREA,4354,86
Santiago del Estero,26089,LA CALERA,5251,86
Santiago del Estero,27493,LA CAÃ‘ADA,4313,86
Santiago del Estero,26519,LA CAÃ‘ADA,4354,86
Santiago del Estero,25816,LA BALANZA,4350,86
Santiago del Estero,26557,LA CAÃ‘ADA,3749,86
Santiago del Estero,26384,LAS CARPAS,3747,86
Santiago del Estero,14303,LAS CEJAS,4221,86
Santiago del Estero,26952,LAS CHACRAS,4203,86
Santiago del Estero,22232,LAS CHACRAS,5250,86
Santiago del Estero,21903,LAS CHILCAS,3062,86
Santiago del Estero,14263,LAS COLONIAS,4302,86
Santiago del Estero,27245,LAS COLONIAS,5251,86
Santiago del Estero,20996,LAS DELICIAS,2356,86
Santiago del Estero,26096,LAS CIENAGAS,5251,86
Santiago del Estero,26158,LAS CAÃ‘AS,5250,86
Santiago del Estero,21090,LAGO MUYOJ,4334,86
Santiago del Estero,27055,LAGUNA BAYA,3740,86
Santiago del Estero,26156,LAGUNA DEL SUNCHO,5250,86
Santiago del Estero,21148,LAGUNA LARGA,4338,86
Santiago del Estero,26157,LAGUNITAS,5255,86
Santiago del Estero,14325,LAPRIDA,4205,86
Santiago del Estero,22087,LAS ABRAS,4306,86
Santiago del Estero,26652,LAS AGUADAS,3064,86
Santiago del Estero,22231,LAS AGUILAS,5250,86
Santiago del Estero,27235,LA YERBA,5253,86
Santiago del Estero,27526,LAS FLORES,4203,86
Santiago del Estero,27282,LAS PALMERAS,4220,86
Santiago del Estero,26558,LAS PALOMITAS,4230,86
Santiago del Estero,14327,LAS PEÃ‘AS,4237,86
Santiago del Estero,14436,LAS ORELLANAS,4304,86
Santiago del Estero,25913,LAS PUERTAS,4187,86
Santiago del Estero,27280,LAS QUEBRADAS,4197,86
Santiago del Estero,27314,LA MARAVILLA,4187,86
Santiago del Estero,26102,LAS ROSAS,5251,86
Santiago del Estero,25926,LAS ORELLANAS,4220,86
Santiago del Estero,21905,LAS MOCHAS,3062,86
Santiago del Estero,14326,LAS FLORES,4230,86
Santiago del Estero,26098,LAS FLORES,5251,86
Santiago del Estero,26683,LAS GAMAS,3064,86
Santiago del Estero,22234,LAS HORQUETAS,5250,86
Santiago del Estero,14402,LAS JUNTAS,4238,86
Santiago del Estero,27276,LAS LOMAS,4189,86
Santiago del Estero,26099,LAS LOMAS,5251,86
Santiago del Estero,27063,LAS LOMITAS,5255,86
Santiago del Estero,25841,LAS FLORES,3766,86
Santiago del Estero,27250,LAS ISLAS,5255,86
Santiago del Estero,27403,LA PAZ,4354,86
Santiago del Estero,25880,LA PERLITA,4317,86
Santiago del Estero,27406,LA PETRONILA,4354,86
Santiago del Estero,21982,LA POLVAREDA,4205,86
Santiago del Estero,26830,LA PORTEÃ‘A,4206,86
Santiago del Estero,22220,LA PRIMAVERA,5250,86
Santiago del Estero,26586,LA PRIMITIVA,4354,86
Santiago del Estero,27213,LA PROTEGIDA,5257,86
Santiago del Estero,26095,LA PUERTA,5251,86
Santiago del Estero,26048,LA PUERTA DEL MONTE,4321,86
Santiago del Estero,26151,LA PAMPA,5255,86
Santiago del Estero,21981,LA MELADA,4205,86
Santiago del Estero,27315,LA MELADA,4187,86
Santiago del Estero,27456,LA NENA,3765,86
Santiago del Estero,26493,LA NORIA,4315,86
Santiago del Estero,14361,LA PACIENCIA,4301,86
Santiago del Estero,26150,LA PALMA,5255,86
Santiago del Estero,14194,LA PALOMA,4301,86
Santiago del Estero,26590,LA PAMPA,3064,86
Santiago del Estero,27205,LA PAMPA,5257,86
Santiago del Estero,26046,LA PAMPA,4321,86
Santiago del Estero,27458,LA SIMONA,3763,86
Santiago del Estero,26153,LA SOLEDAD,5250,86
Santiago del Estero,26638,LA SUSANA,3064,86
Santiago del Estero,26592,LA TAPA,4354,86
Santiago del Estero,26154,LA TRAMPA,5250,86
Santiago del Estero,26155,LA TUSCA,5250,86
Santiago del Estero,22347,LA UNION,2354,86
Santiago del Estero,26593,LA UNION,3749,86
Santiago del Estero,22348,LA VICTORIA,2354,86
Santiago del Estero,26152,LA SELVA,5255,86
Santiago del Estero,22515,LA SARITA,4206,86
Santiago del Estero,26587,LA RAMADA,4354,86
Santiago del Estero,26019,LA RAMADA,4322,86
Santiago del Estero,25817,LA RECONQUISTA,4350,86
Santiago del Estero,26501,LA RESBALOSA,5250,86
Santiago del Estero,14455,LA REVANCHA,4208,86
Santiago del Estero,14605,LA RIVERA,4301,86
Santiago del Estero,26617,LA ROSILLA,3064,86
